Position,AAMutation,Pinp,Psel1,Psel2,,Sel1Enrichment,Sel2Enrichment
26,E,0,0,0.0490813,,#DIV/0!,#DIV/0!
26,D,0,0,0.0490813,,#DIV/0!,#DIV/0!
26,K,0,0,0.0490813,,#DIV/0!,#DIV/0!
26,R,0,0,0.0490813,,#DIV/0!,#DIV/0!
26,H,0,0,0.0490813,,#DIV/0!,#DIV/0!
26,Q,0,0,0.0490813,,#DIV/0!,#DIV/0!
26,N,0,0,0.0490813,,#DIV/0!,#DIV/0!
26,T,0,0,0.0490813,,#DIV/0!,#DIV/0!
26,S,0,0,0.0490813,,#DIV/0!,#DIV/0!
26,A,0,0,0.0490813,,#DIV/0!,#DIV/0!
26,G,0,0,0.0490813,,#DIV/0!,#DIV/0!
26,M,0,0,0.0490813,,#DIV/0!,#DIV/0!
26,C,3.81848,0,0.0490813,,#NUM!,-1.83510161
26,V,0,0,0.0490813,,#DIV/0!,#DIV/0!
26,I,0,0,0.0490813,,#DIV/0!,#DIV/0!
26,L,0,0,0.0490813,,#DIV/0!,#DIV/0!
26,Y,0,0,0.0490813,,#DIV/0!,#DIV/0!
26,F,0,0,0.0490813,,#DIV/0!,#DIV/0!
26,W,0,0,0.0490813,,#DIV/0!,#DIV/0!
26,*,0,0,0.0490813,,#DIV/0!,#DIV/0!
27,D,0,0,0.0490813,,#DIV/0!,#DIV/0!
27,K,0,0,0.0490813,,#DIV/0!,#DIV/0!
27,R,0,0,0.0490813,,#DIV/0!,#DIV/0!
27,H,0,0,0.0490813,,#DIV/0!,#DIV/0!
27,P,0,0,0.0490813,,#DIV/0!,#DIV/0!
27,Q,0,0,0.0490813,,#DIV/0!,#DIV/0!
27,N,0,0,0.0490813,,#DIV/0!,#DIV/0!
27,T,0,0,0.0490813,,#DIV/0!,#DIV/0!
27,S,0,0,0.0490813,,#DIV/0!,#DIV/0!
27,A,0,0,0.0490813,,#DIV/0!,#DIV/0!
27,G,0,0,0.0490813,,#DIV/0!,#DIV/0!
27,M,0,0,0.0490813,,#DIV/0!,#DIV/0!
27,C,0,0,0.0490813,,#DIV/0!,#DIV/0!
27,V,0,0,0.0490813,,#DIV/0!,#DIV/0!
27,I,0,0,0.0490813,,#DIV/0!,#DIV/0!
27,L,0,0,0.0490813,,#DIV/0!,#DIV/0!
27,Y,0,0,0.0490813,,#DIV/0!,#DIV/0!
27,F,0,0,0.0490813,,#DIV/0!,#DIV/0!
27,W,0,0,0.0490813,,#DIV/0!,#DIV/0!
27,*,0,0,0.0490813,,#DIV/0!,#DIV/0!
28,E,0,0,0,,#DIV/0!,#DIV/0!
28,D,0,0,0,,#DIV/0!,#DIV/0!
28,K,15.0325,18.9775,7.85301,,0.100214879,-0.226122209
28,R,0,1.72523,0,,#DIV/0!,#DIV/0!
28,P,0,0,0,,#DIV/0!,#DIV/0!
28,Q,0,0,0,,#DIV/0!,#DIV/0!
28,N,0,0,0,,#DIV/0!,#DIV/0!
28,T,0,0,0,,#DIV/0!,#DIV/0!
28,S,0,0,0,,#DIV/0!,#DIV/0!
28,A,0,0,0,,#DIV/0!,#DIV/0!
28,G,0,0,0,,#DIV/0!,#DIV/0!
28,M,0,0,0,,#DIV/0!,#DIV/0!
28,C,0,0,0,,#DIV/0!,#DIV/0!
28,V,0,0,0,,#DIV/0!,#DIV/0!
28,I,0,0,0,,#DIV/0!,#DIV/0!
28,L,0,0,0,,#DIV/0!,#DIV/0!
28,Y,0,0,0,,#DIV/0!,#DIV/0!
28,F,0,0,0,,#DIV/0!,#DIV/0!
28,W,0,0,0,,#DIV/0!,#DIV/0!
28,*,0,0,0,,#DIV/0!,#DIV/0!
29,E,0,1.72523,0,,#DIV/0!,#DIV/0!
29,K,26.7617,3.45046,1.96325,,-0.890629609,-1.078665239
29,R,0,0,0,,#DIV/0!,#DIV/0!
29,H,0,0,0,,#DIV/0!,#DIV/0!
29,P,0,0,0,,#DIV/0!,#DIV/0!
29,Q,2.67617,0,0,,#NUM!,#NUM!
29,N,48.8555,18.9775,23.559,,-0.411667371,-0.260883757
29,T,0,0,0,,#DIV/0!,#DIV/0!
29,S,0,0,0,,#DIV/0!,#DIV/0!
29,A,0,0,0,,#DIV/0!,#DIV/0!
29,G,0,0,0,,#DIV/0!,#DIV/0!
29,M,0.459967,0,0,,#NUM!,#NUM!
29,C,0,0,0,,#DIV/0!,#DIV/0!
29,V,0,0,0,,#DIV/0!,#DIV/0!
29,I,0,0,0,,#DIV/0!,#DIV/0!
29,L,0.459967,0,0,,#NUM!,#NUM!
29,Y,1.87906,0,0,,#NUM!,#NUM!
29,F,0,0,0,,#DIV/0!,#DIV/0!
29,W,0.459967,0,0,,#NUM!,#NUM!
29,*,0.459967,0,0,,#NUM!,#NUM!
30,E,0,1.39521,0,,#DIV/0!,#DIV/0!
30,D,0,0,0,,#DIV/0!,#DIV/0!
30,R,0,0,0,,#DIV/0!,#DIV/0!
30,H,0,0,0,,#DIV/0!,#DIV/0!
30,P,0.690006,0,0,,#NUM!,#NUM!
30,Q,0,0,0,,#DIV/0!,#DIV/0!
30,N,0,1.39521,0,,#DIV/0!,#DIV/0!
30,T,0,0,0,,#DIV/0!,#DIV/0!
30,S,0,0,0,,#DIV/0!,#DIV/0!
30,A,0.690006,0,0,,#NUM!,#NUM!
30,G,0,0,0,,#DIV/0!,#DIV/0!
30,M,0,0,0,,#DIV/0!,#DIV/0!
30,C,0,0,0,,#DIV/0!,#DIV/0!
30,V,0,0,0,,#DIV/0!,#DIV/0!
30,I,0,0,0,,#DIV/0!,#DIV/0!
30,L,0,0,0,,#DIV/0!,#DIV/0!
30,Y,0,0,0,,#DIV/0!,#DIV/0!
30,F,0,0,0,,#DIV/0!,#DIV/0!
30,W,0,0,0,,#DIV/0!,#DIV/0!
30,*,1.38001,0,1.39579,,#NUM!,0.060810702
31,E,0,0,0,,#DIV/0!,#DIV/0!
31,D,0,0,0,,#DIV/0!,#DIV/0!
31,R,0,0,0,,#DIV/0!,#DIV/0!
31,H,0,1.39521,1.37295,,#DIV/0!,#DIV/0!
31,P,0,0,0,,#DIV/0!,#DIV/0!
31,Q,0,0,1.37295,,#DIV/0!,#DIV/0!
31,N,9.4189,8.37128,8.23768,,-0.052201226,-0.002322416
31,T,0,0,0,,#DIV/0!,#DIV/0!
31,S,0,0,0,,#DIV/0!,#DIV/0!
31,A,0,0,0,,#DIV/0!,#DIV/0!
31,G,0,0,0,,#DIV/0!,#DIV/0!
31,M,0,0,0,,#DIV/0!,#DIV/0!
31,C,0,0,0,,#DIV/0!,#DIV/0!
31,V,0,0,0,,#DIV/0!,#DIV/0!
31,I,0,0,0,,#DIV/0!,#DIV/0!
31,L,1.34556,0,0,,#NUM!,#NUM!
31,Y,1.34556,0,0,,#NUM!,#NUM!
31,F,0,0,0,,#DIV/0!,#DIV/0!
31,W,1.34556,1.39521,0,,0.014743604,#NUM!
31,*,0,0,0,,#DIV/0!,#DIV/0!
32,E,0.530572,0,0.274589,,#NUM!,-0.230188339
32,D,0,0,0,,#DIV/0!,#DIV/0!
32,K,0.530572,0,0.274589,,#NUM!,-0.230188339
32,R,0,0.465071,0.457649,,#DIV/0!,#DIV/0!
32,H,1.32643,0,0,,#NUM!,#NUM!
32,P,0.530572,0,0.274589,,#NUM!,-0.230188339
32,Q,0.530572,1.39521,0.274589,,0.418902345,-0.230188339
32,N,6.63216,6.97607,4.11884,,0.020962927,-0.15100722
32,T,0,0,0,,#DIV/0!,#DIV/0!
32,S,0,0,0,,#DIV/0!,#DIV/0!
32,A,0.530572,0,0.274589,,#NUM!,-0.230188339
32,G,1.32643,0.465071,0.457649,,-0.456157985,-0.406278965
32,M,7.95859,0,2.74589,,#NUM!,-0.406280143
32,C,1.32643,0.465071,0.457649,,-0.456157985,-0.406278965
32,V,1.34556,0,1.37295,,#NUM!,0.064624506
32,L,0,0,0,,#DIV/0!,#DIV/0!
32,Y,5.30572,11.1617,1.37295,,0.32199311,-0.531216753
32,F,14.8011,1.39521,4.11884,,-1.026647321,-0.499646218
32,W,1.32643,0,1.37295,,#NUM!,0.070843239
32,*,2.65286,0,0,,#NUM!,#NUM!
33,E,0,0.543957,0.530758,,#DIV/0!,#DIV/0!
33,D,0,0,0,,#DIV/0!,#DIV/0!
33,K,0,0.543957,0.530758,,#DIV/0!,#DIV/0!
33,R,0,0,0,,#DIV/0!,#DIV/0!
33,H,1.26082,0,0,,#NUM!,#NUM!
33,P,0,0.543957,0.530758,,#DIV/0!,#DIV/0!
33,Q,0,0.543957,0.530758,,#DIV/0!,#DIV/0!
33,N,0,0,0,,#DIV/0!,#DIV/0!
33,T,0,0,0,,#DIV/0!,#DIV/0!
33,S,0,0,0,,#DIV/0!,#DIV/0!
33,A,0,0.543957,0.530758,,#DIV/0!,#DIV/0!
33,G,0,0,0,,#DIV/0!,#DIV/0!
33,M,0,0,1.3269,,#DIV/0!,#DIV/0!
33,C,2.52163,0,0,,#NUM!,#NUM!
33,V,0,0,0,,#DIV/0!,#DIV/0!
33,I,0,0,0,,#DIV/0!,#DIV/0!
33,L,0,0,0,,#DIV/0!,#DIV/0!
33,Y,0,1.35989,0,,#DIV/0!,#DIV/0!
33,W,0,0,0,,#DIV/0!,#DIV/0!
33,*,0,0,0,,#DIV/0!,#DIV/0!
34,E,1.26082,1.35989,0,,0.031857783,#NUM!
34,D,0,0,1.3269,,#DIV/0!,#DIV/0!
34,R,0,0,0,,#DIV/0!,#DIV/0!
34,H,0,0,1.3269,,#DIV/0!,#DIV/0!
34,P,6.30408,1.35989,3.98069,,-0.667110844,-0.143790505
34,Q,6.30408,1.35989,2.65379,,-0.667110844,-0.31988231
34,N,3.75634,1.35989,1.3269,,-0.442254023,-0.396053848
34,T,1.25211,0,0,,#NUM!,#NUM!
34,S,0,0,0,,#DIV/0!,#DIV/0!
34,A,0,0,0,,#DIV/0!,#DIV/0!
34,G,0,0,0,,#DIV/0!,#DIV/0!
34,M,0,0,0,,#DIV/0!,#DIV/0!
34,C,0,1.35989,0,,#DIV/0!,#DIV/0!
34,V,0,0,0,,#DIV/0!,#DIV/0!
34,I,0,1.35989,0,,#DIV/0!,#DIV/0!
34,L,0,0,0,,#DIV/0!,#DIV/0!
34,Y,0,0,0,,#DIV/0!,#DIV/0!
34,F,0,0,0,,#DIV/0!,#DIV/0!
34,W,0,0,0,,#DIV/0!,#DIV/0!
34,*,0,0,0,,#DIV/0!,#DIV/0!
35,E,0,0,0,,#DIV/0!,#DIV/0!
35,D,0,1.26759,0,,#DIV/0!,#DIV/0!
35,K,0,0,0,,#DIV/0!,#DIV/0!
35,R,0,0,0,,#DIV/0!,#DIV/0!
35,H,0,1.26759,0,,#DIV/0!,#DIV/0!
35,P,0,1.26759,0,,#DIV/0!,#DIV/0!
35,Q,0,0,0,,#DIV/0!,#DIV/0!
35,N,0,0,0,,#DIV/0!,#DIV/0!
35,T,0,3.16896,2.90383,,#DIV/0!,#DIV/0!
35,S,8.49966,3.16896,5.80765,,-0.429477705,-0.109528265
35,G,0,0,1.2445,,#DIV/0!,#DIV/0!
35,M,0,0.633793,0,,#DIV/0!,#DIV/0!
35,C,0,0,0,,#DIV/0!,#DIV/0!
35,V,0,0,0,,#DIV/0!,#DIV/0!
35,I,0,0,1.2445,,#DIV/0!,#DIV/0!
35,L,0,0.633793,0,,#DIV/0!,#DIV/0!
35,Y,0,0,0,,#DIV/0!,#DIV/0!
35,F,0,0,0,,#DIV/0!,#DIV/0!
35,W,0,0,0,,#DIV/0!,#DIV/0!
35,*,2.42847,0,1.2445,,#NUM!,-0.234464989
36,E,0,0,0,,#DIV/0!,#DIV/0!
36,D,0,0,0,,#DIV/0!,#DIV/0!
36,K,5.85501,2.41931,2.45599,,-0.384829029,-0.321428194
36,R,0,0,0,,#DIV/0!,#DIV/0!
36,H,0,0,0,,#DIV/0!,#DIV/0!
36,P,0,0,0,,#DIV/0!,#DIV/0!
36,Q,0,0,0,,#DIV/0!,#DIV/0!
36,N,0,0,0,,#DIV/0!,#DIV/0!
36,T,0,0,0,,#DIV/0!,#DIV/0!
36,S,0,0,0,,#DIV/0!,#DIV/0!
36,A,0,0,0,,#DIV/0!,#DIV/0!
36,G,0,0,0,,#DIV/0!,#DIV/0!
36,M,4.69664,3.62896,4.91198,,-0.112998,0.07534217
36,C,0,0,0,,#DIV/0!,#DIV/0!
36,V,0,0,0,,#DIV/0!,#DIV/0!
36,L,0,0,0,,#DIV/0!,#DIV/0!
36,Y,0,0,1.22799,,#DIV/0!,#DIV/0!
36,F,4.684,3.62896,2.45599,,-0.111827613,-0.224517439
36,W,0,0,0,,#DIV/0!,#DIV/0!
36,*,0,0,0,,#DIV/0!,#DIV/0!
37,E,0,0,1.13659,,#DIV/0!,#DIV/0!
37,D,0,0,0,,#DIV/0!,#DIV/0!
37,K,0,0,1.13659,,#DIV/0!,#DIV/0!
37,R,0,0,0,,#DIV/0!,#DIV/0!
37,H,0,0,0,,#DIV/0!,#DIV/0!
37,P,0,0,0,,#DIV/0!,#DIV/0!
37,Q,0,1.16513,0,,#DIV/0!,#DIV/0!
37,N,0,0,0,,#DIV/0!,#DIV/0!
37,T,0,0,0,,#DIV/0!,#DIV/0!
37,S,0,0,0,,#DIV/0!,#DIV/0!
37,A,6.75824,1.16513,2.27319,,-0.764452134,-0.417325021
37,G,0,0,0,,#DIV/0!,#DIV/0!
37,M,0.563187,0,0,,#NUM!,#NUM!
37,C,0,0,0,,#DIV/0!,#DIV/0!
37,I,0,1.16513,1.12478,,#DIV/0!,#DIV/0!
37,L,0.563187,2.33026,0,,0.615758851,#NUM!
37,Y,0,0,0,,#DIV/0!,#DIV/0!
37,F,1.12637,0,1.12478,,#NUM!,0.055259364
37,W,0,0,0,,#DIV/0!,#DIV/0!
37,*,0,0,1.12478,,#DIV/0!,#DIV/0!
38,E,2.23007,0,1.10255,,#NUM!,-0.250047349
38,D,1.1005,0,0,,#NUM!,#NUM!
38,R,0,0,0,,#DIV/0!,#DIV/0!
38,H,1.1005,0,0,,#NUM!,#NUM!
38,P,11.5436,10.0746,2.68397,,-0.060106366,-0.577690759
38,Q,20.0707,24.8182,9.92295,,0.091214852,-0.250048863
38,N,4.41475,0,1.07359,,#NUM!,-0.558194805
38,T,2.20738,0,1.07359,,#NUM!,-0.257165793
38,S,0,0,1.07359,,#DIV/0!,#DIV/0!
38,A,2.8859,0,2.68397,,#NUM!,0.024369232
38,G,0,0,0,,#DIV/0!,#DIV/0!
38,M,1.10369,0.55569,0,,-0.299007435,#NUM!
38,C,0,1.11138,0,,#DIV/0!,#DIV/0!
38,V,0,0,0,,#DIV/0!,#DIV/0!
38,I,0,0.55569,0,,#DIV/0!,#DIV/0!
38,L,0,0,0,,#DIV/0!,#DIV/0!
38,Y,0,0,0,,#DIV/0!,#DIV/0!
38,F,1.1005,0,0,,#NUM!,#NUM!
38,W,0,0,0,,#DIV/0!,#DIV/0!
38,*,0,0,0,,#DIV/0!,#DIV/0!
39,E,0,0,1,,#DIV/0!,#DIV/0!
39,D,2.00989,0,0,,#NUM!,#NUM!
39,K,1.00494,0,0,,#NUM!,#NUM!
39,R,7.03461,0,1,,#NUM!,-0.791367172
39,H,2.00989,1.00511,0,,-0.301951604,#NUM!
39,P,1.50742,0,0,,#NUM!,#NUM!
39,Q,0,0,0,,#DIV/0!,#DIV/0!
39,N,0,0,0,,#DIV/0!,#DIV/0!
39,T,1.02787,1.03128,1.00762,,0.000445496,0.047231441
39,A,1.50742,0,0,,#NUM!,#NUM!
39,G,0,0,0,,#DIV/0!,#DIV/0!
39,M,0,0,2,,#DIV/0!,#DIV/0!
39,C,4.01978,3.01533,4,,-0.125860345,0.053730559
39,V,0,0,0,,#DIV/0!,#DIV/0!
39,I,1.00494,0,0,,#NUM!,#NUM!
39,L,0,0,0,,#DIV/0!,#DIV/0!
39,Y,10.0494,8.04088,4,,-0.09782946,-0.344207289
39,F,3.01483,1.00511,1,,-0.478042143,-0.423389975
39,W,2.00989,0,0,,#NUM!,#NUM!
39,*,0,4.02044,0,,#DIV/0!,#DIV/0!
40,E,7.09802,5.0615,1,,-0.147850886,-0.795264366
40,D,1.014,0,0,,#NUM!,#NUM!
40,K,2.53501,3.0369,0,,0.077457906,#NUM!
40,R,1.014,0,0,,#NUM!,#NUM!
40,H,0,0,0,,#DIV/0!,#DIV/0!
40,P,0,0,0,,#DIV/0!,#DIV/0!
40,Q,0,0,0,,#DIV/0!,#DIV/0!
40,N,0,0,0,,#DIV/0!,#DIV/0!
40,T,0,0,0,,#DIV/0!,#DIV/0!
40,S,0,0,0,,#DIV/0!,#DIV/0!
40,A,12.168,2.0246,1,,-0.779872877,-1.029346348
40,M,0,0,1,,#DIV/0!,#DIV/0!
40,C,1.69,0,1,,#NUM!,-0.172013852
40,V,3.04201,2.0246,0,,-0.177814313,#NUM!
40,I,2.53501,0,0,,#NUM!,#NUM!
40,L,0,0,0,,#DIV/0!,#DIV/0!
40,Y,1.014,0,0,,#NUM!,#NUM!
40,F,0,1.0123,0,,#DIV/0!,#DIV/0!
40,W,3.38001,0,0,,#NUM!,#NUM!
40,*,0,0,0,,#DIV/0!,#DIV/0!
41,E,0,0,0,,#DIV/0!,#DIV/0!
41,D,1.10109,0,0,,#NUM!,#NUM!
41,K,0.440436,0,0.204539,,#NUM!,-0.277233828
41,H,4.40436,3.06105,2.04539,,-0.159005295,-0.277233828
41,P,1.10109,0,0,,#NUM!,#NUM!
41,Q,0,0,0,,#DIV/0!,#DIV/0!
41,N,0.440436,0,0.204539,,#NUM!,-0.277233828
41,T,0.440436,0,0.204539,,#NUM!,-0.277233828
41,S,0,0,1.02269,,#DIV/0!,#DIV/0!
41,A,0,0,0,,#DIV/0!,#DIV/0!
41,G,1.10109,3.06105,1.02269,,0.443054697,0.023794044
41,M,0.440436,0,0.204539,,#NUM!,-0.277233828
41,C,5.50546,2.0407,2.04539,,-0.432007355,-0.37414463
41,V,3.30327,0,1.02269,,#NUM!,-0.453327211
41,I,0.440436,0,0.204539,,#NUM!,-0.277233828
41,L,18.7186,0,4.09078,,#NUM!,-0.604594387
41,Y,0,0,0,,#DIV/0!,#DIV/0!
41,F,2.20218,0,0,,#NUM!,#NUM!
41,W,0,0,0,,#DIV/0!,#DIV/0!
41,*,0,0,0,,#DIV/0!,#DIV/0!
42,E,0,0,0,,#DIV/0!,#DIV/0!
42,D,0,0,0,,#DIV/0!,#DIV/0!
42,K,1.10839,0,1.02269,,#NUM!,0.020924264
42,R,0,0,0,,#DIV/0!,#DIV/0!
42,H,1.10444,0,1.02269,,#NUM!,0.022474735
42,P,0,1.04209,0,,#DIV/0!,#DIV/0!
42,Q,0,0,0,,#DIV/0!,#DIV/0!
42,N,3.32517,1.05595,0,,-0.499163407,#NUM!
42,T,0,1.05595,1.02269,,#DIV/0!,#DIV/0!
42,S,0,0,0,,#DIV/0!,#DIV/0!
42,A,0,0,0,,#DIV/0!,#DIV/0!
42,G,0,0,0,,#DIV/0!,#DIV/0!
42,M,4.51191,7.39163,2.04539,,0.213386883,-0.287711447
42,C,0,0,0,,#DIV/0!,#DIV/0!
42,V,3.31332,3.12626,0,,-0.026231196,#NUM!
42,L,7.73108,2.08417,0,,-0.570299935,#NUM!
42,Y,0,0,0,,#DIV/0!,#DIV/0!
42,F,9.93995,0,0,,#NUM!,#NUM!
42,W,0,0,0,,#DIV/0!,#DIV/0!
42,*,0,0,0,,#DIV/0!,#DIV/0!
43,E,0,0,0,,#DIV/0!,#DIV/0!
43,D,0,0,0,,#DIV/0!,#DIV/0!
43,K,0.563989,0,0,,#NUM!,#NUM!
43,R,9.02383,0,0,,#NUM!,#NUM!
43,H,6.20388,3.16784,6.13602,,-0.292893059,0.051096231
43,Q,6.20388,0,0.000144118,,#NUM!,-4.578072309
43,N,0.563989,0,1.02269,,#NUM!,0.314346229
43,T,2.25596,0,1.02269,,#NUM!,-0.287714533
43,S,5.63989,1.05595,0,,-0.728620187,#NUM!
43,A,2.25596,1.05595,2.04539,,-0.330680949,0.013317586
43,G,0,0,0,,#DIV/0!,#DIV/0!
43,M,1.12798,0,0,,#NUM!,#NUM!
43,C,0,0,0,,#DIV/0!,#DIV/0!
43,V,0,0,0,,#DIV/0!,#DIV/0!
43,I,0,1.05595,0,,#DIV/0!,#DIV/0!
43,L,12.4078,0,1.02269,,#NUM!,-1.028077922
43,Y,1.12798,0,0,,#NUM!,#NUM!
43,F,4.51191,0,0,,#NUM!,#NUM!
43,W,0,0,0,,#DIV/0!,#DIV/0!
43,*,1.12798,0,0,,#NUM!,#NUM!
44,E,0,0,0,,#DIV/0!,#DIV/0!
44,D,1.14602,1.06381,0,,-0.033321037,#NUM!
44,K,1.15953,0,1.09474,,#NUM!,0.03090185
44,R,0,0,0,,#DIV/0!,#DIV/0!
44,H,10.3142,4.25523,4.33142,,-0.385505418,-0.320932398
44,P,0,1.06381,1.08286,,#DIV/0!,#DIV/0!
44,Q,0,0,0,,#DIV/0!,#DIV/0!
44,T,16.0443,9.57426,5.41428,,-0.225208465,-0.415907209
44,S,1.14602,0,0,,#NUM!,#NUM!
44,A,0,0,0,,#DIV/0!,#DIV/0!
44,G,0,0,0,,#DIV/0!,#DIV/0!
44,M,0,0,0,,#DIV/0!,#DIV/0!
44,C,1.14602,0,0,,#NUM!,#NUM!
44,V,0,0,0,,#DIV/0!,#DIV/0!
44,I,10.3142,0,0,,#NUM!,#NUM!
44,L,0,0,0,,#DIV/0!,#DIV/0!
44,Y,6.87612,3.19142,2.16571,,-0.334352393,-0.445870292
44,F,0,0,0,,#DIV/0!,#DIV/0!
44,W,0,1.06381,0,,#DIV/0!,#DIV/0!
44,*,0,0,0,,#DIV/0!,#DIV/0!
45,E,0,0,0,,#DIV/0!,#DIV/0!
45,D,0,0,0,,#DIV/0!,#DIV/0!
45,K,0,0,0,,#DIV/0!,#DIV/0!
45,R,0,0,0,,#DIV/0!,#DIV/0!
45,H,0,0,0,,#DIV/0!,#DIV/0!
45,P,0,0,0,,#DIV/0!,#DIV/0!
45,Q,0,0,0,,#DIV/0!,#DIV/0!
45,N,1.1691,1.07097,0,,-0.039067263,#NUM!
45,T,3.50729,1.07097,0,,-0.51618728,#NUM!
45,S,0,0,0,,#DIV/0!,#DIV/0!
45,A,0,0,0,,#DIV/0!,#DIV/0!
45,G,0,0,0,,#DIV/0!,#DIV/0!
45,M,13.6444,33.2002,7.66319,,0.385193349,-0.194671996
45,C,1.15953,0,0,,#NUM!,#NUM!
45,V,1.15953,1.07097,0,,-0.035497592,#NUM!
45,L,5.79766,7.49681,5.47371,,0.110630853,0.030901895
45,Y,0,0,0,,#DIV/0!,#DIV/0!
45,F,2.31906,2.14195,1.09474,,-0.035495565,-0.270128145
45,W,0,0,0,,#DIV/0!,#DIV/0!
45,*,0,0,0,,#DIV/0!,#DIV/0!
46,E,0,0,0,,#DIV/0!,#DIV/0!
46,D,0,0,0,,#DIV/0!,#DIV/0!
46,K,2.48081,0,0,,#NUM!,#NUM!
46,R,0,0,0,,#DIV/0!,#DIV/0!
46,H,0,0,0,,#DIV/0!,#DIV/0!
46,P,1.2404,0,0,,#NUM!,#NUM!
46,Q,0,0,0,,#DIV/0!,#DIV/0!
46,N,2.48081,0,0,,#NUM!,#NUM!
46,T,19.8465,5.35486,0,,-0.569928716,#NUM!
46,S,3.72121,0,0,,#NUM!,#NUM!
46,A,0,0,0,,#DIV/0!,#DIV/0!
46,G,0,0,0,,#DIV/0!,#DIV/0!
46,M,2.49928,1.07097,0,,-0.369030517,#NUM!
46,C,0,0,0,,#DIV/0!,#DIV/0!
46,V,2.48081,0,0,,#NUM!,#NUM!
46,L,3.72121,1.07097,0,,-0.541899782,#NUM!
46,Y,0,0,0,,#DIV/0!,#DIV/0!
46,F,1.2404,0,0,,#NUM!,#NUM!
46,W,0,0,0,,#DIV/0!,#DIV/0!
46,*,0,0,0,,#DIV/0!,#DIV/0!
47,E,0,0,0,,#DIV/0!,#DIV/0!
47,D,0,0,0,,#DIV/0!,#DIV/0!
47,K,0,0,0,,#DIV/0!,#DIV/0!
47,R,3.74893,0,2.18948,,#NUM!,-0.177693496
47,H,0,0.535486,0,,#DIV/0!,#DIV/0!
47,P,4.99857,0,0,,#NUM!,#NUM!
47,Q,1.24964,0.535486,0,,-0.369029706,#NUM!
47,N,0,0,0,,#DIV/0!,#DIV/0!
47,T,0,0,0,,#DIV/0!,#DIV/0!
47,S,0,0,0,,#DIV/0!,#DIV/0!
47,A,0,0,0,,#DIV/0!,#DIV/0!
47,G,0,0,0,,#DIV/0!,#DIV/0!
47,M,4.99857,3.21292,4.37897,,-0.192938775,-0.001600955
47,C,1.24964,0.535486,0,,-0.369029706,#NUM!
47,V,1.24964,0,0,,#NUM!,#NUM!
47,I,0,1.07097,0,,#DIV/0!,#DIV/0!
47,Y,0,0,0,,#DIV/0!,#DIV/0!
47,F,1.24964,1.07097,0,,-0.068000521,#NUM!
47,W,1.24964,0.535486,0,,-0.369029706,#NUM!
47,*,1.24964,0,0,,#NUM!,#NUM!
48,E,0,0,0,,#DIV/0!,#DIV/0!
48,D,1.3044,0,0,,#NUM!,#NUM!
48,K,1.3044,0.558871,0,,-0.369092124,#NUM!
48,R,0,0,0,,#DIV/0!,#DIV/0!
48,P,15.6528,3.35323,5.57907,,-0.670121602,-0.392157373
48,Q,0,1.12929,2.23163,,#DIV/0!,#DIV/0!
48,N,1.3044,0.558871,0,,-0.369092124,#NUM!
48,T,5.21761,0,0,,#NUM!,#NUM!
48,S,1.3044,1.11774,0,,-0.068062905,#NUM!
48,A,0,0,0,,#DIV/0!,#DIV/0!
48,G,0,0,0,,#DIV/0!,#DIV/0!
48,M,0,0,0,,#DIV/0!,#DIV/0!
48,C,1.3044,0,0,,#NUM!,#NUM!
48,V,0,1.11774,0,,#DIV/0!,#DIV/0!
48,I,0,0,0,,#DIV/0!,#DIV/0!
48,L,0,0,0,,#DIV/0!,#DIV/0!
48,Y,0,0,0,,#DIV/0!,#DIV/0!
48,F,0,0,0,,#DIV/0!,#DIV/0!
48,W,7.82642,5.58871,1.11581,,-0.147244484,-0.790100048
48,*,5.21761,0,0,,#NUM!,#NUM!
49,E,0,0,0,,#DIV/0!,#DIV/0!
49,D,0,0,0,,#DIV/0!,#DIV/0!
49,K,0,0,0,,#DIV/0!,#DIV/0!
49,R,0,0,0,,#DIV/0!,#DIV/0!
49,H,0,1.12929,0,,#DIV/0!,#DIV/0!
49,P,0,1.12929,1.11581,,#DIV/0!,#DIV/0!
49,Q,0,0,0,,#DIV/0!,#DIV/0!
49,N,0,0,0,,#DIV/0!,#DIV/0!
49,T,0,0,0,,#DIV/0!,#DIV/0!
49,A,0,1.12929,1.11581,,#DIV/0!,#DIV/0!
49,G,0,0,0,,#DIV/0!,#DIV/0!
49,M,0,0,0,,#DIV/0!,#DIV/0!
49,C,0,0,0,,#DIV/0!,#DIV/0!
49,V,0,0,0,,#DIV/0!,#DIV/0!
49,I,0,0,0,,#DIV/0!,#DIV/0!
49,L,0,0,0,,#DIV/0!,#DIV/0!
49,Y,0,0,0.557907,,#DIV/0!,#DIV/0!
49,F,0,0,0,,#DIV/0!,#DIV/0!
49,W,0,0,0,,#DIV/0!,#DIV/0!
49,*,0,0,0.557907,,#DIV/0!,#DIV/0!
50,E,4.2553,0,102.094,,#NUM!,1.166581737
50,D,0,0,90.7962,,#DIV/0!,#DIV/0!
50,K,8.5106,1.53871,256.847,,-1.111638337,1.266226019
50,R,4.2553,0,90.7962,,#NUM!,1.11564919
50,H,4.2553,1.53871,90.7962,,-0.810608341,1.11564919
50,Q,8.5106,12.3097,256.847,,-0.208547644,1.266226019
50,N,0,0,139.853,,#DIV/0!,#DIV/0!
50,T,4.2553,0,139.853,,#NUM!,1.303253304
50,S,8.5106,0,90.7962,,#NUM!,0.814619194
50,A,4.2553,0,139.853,,#NUM!,1.303253304
50,G,0,0,90.7962,,#DIV/0!,#DIV/0!
50,M,0,0,107.149,,#DIV/0!,#DIV/0!
50,C,0,0,90.7962,,#DIV/0!,#DIV/0!
50,V,12.7659,3.07742,107.149,,-0.9866996,0.710448385
50,I,0,0,107.149,,#DIV/0!,#DIV/0!
50,L,17.0212,0,107.149,,#NUM!,0.585509648
50,Y,0,0,90.7962,,#DIV/0!,#DIV/0!
50,F,0,1.53871,107.149,,#DIV/0!,#DIV/0!
50,W,3.77826,0,86.7374,,#NUM!,1.14742626
50,*,0,0,107.149,,#DIV/0!,#DIV/0!
51,E,3.77826,0,86.7374,,#NUM!,1.14742626
51,D,0,1.44897,86.7374,,#DIV/0!,#DIV/0!
51,K,0,0,86.7374,,#DIV/0!,#DIV/0!
51,R,0,0,86.7374,,#DIV/0!,#DIV/0!
51,H,347.6,0,86.7374,,#NUM!,-0.816361667
51,P,0,0,86.7374,,#DIV/0!,#DIV/0!
51,Q,0,0,86.7374,,#DIV/0!,#DIV/0!
51,N,0,0,86.7374,,#DIV/0!,#DIV/0!
51,T,4.2553,0,139.853,,#NUM!,1.303253304
51,A,0,0,86.7374,,#DIV/0!,#DIV/0!
51,G,0,0,134.757,,#DIV/0!,#DIV/0!
51,M,0,0.724487,86.7374,,#DIV/0!,#DIV/0!
51,C,0,0,86.7374,,#DIV/0!,#DIV/0!
51,V,0,0,86.7374,,#DIV/0!,#DIV/0!
51,I,0,0,86.7374,,#DIV/0!,#DIV/0!
51,L,0,0.724487,86.7374,,#DIV/0!,#DIV/0!
51,Y,3.77826,4.34692,182.776,,-0.307945127,1.471139029
51,F,0,0,86.7374,,#DIV/0!,#DIV/0!
51,W,10.0753,0.724487,86.7374,,-1.512062323,0.721460114
51,*,5.03767,0.724487,86.7374,,-1.211034052,1.022488385
52,E,0,0,85.6696,,#DIV/0!,#DIV/0!
52,D,0,0,85.6696,,#DIV/0!,#DIV/0!
52,K,0,0,85.6696,,#DIV/0!,#DIV/0!
52,R,0,0,85.6696,,#DIV/0!,#DIV/0!
52,H,7.55651,0,85.6696,,#NUM!,0.841017178
52,Q,0,0,133.409,,#DIV/0!,#DIV/0!
52,N,0,1.44897,85.6696,,#DIV/0!,#DIV/0!
52,T,11.3348,2.89795,228.887,,-0.961157907,1.091718966
52,S,4084.29,0,133.409,,#NUM!,-1.699419742
52,A,7.55651,0,85.6696,,#NUM!,0.841017178
52,G,0,0,85.6696,,#DIV/0!,#DIV/0!
52,M,2.83369,0.724487,108.152,,-0.961156675,1.368193918
52,C,0,0,85.6696,,#DIV/0!,#DIV/0!
52,V,0.00959785,0,340.278,,#NUM!,4.336171614
52,I,0.00959785,0,340.278,,#NUM!,4.336171614
52,L,2.83369,0.724487,161.439,,-0.961156675,1.542167822
52,Y,0,0,85.6696,,#DIV/0!,#DIV/0!
52,F,45.3199,1.44897,340.278,,-1.864064483,0.662056629
52,W,2.83369,0.724487,108.152,,-0.961156675,1.368193918
52,*,2.83369,0.724487,108.152,,-0.961156675,1.368193918
53,E,0,0.241223,0,,#DIV/0!,#DIV/0!
53,D,2.35536,0,1.06371,,#NUM!,-0.558722353
53,K,0,0.241223,0,,#DIV/0!,#DIV/0!
53,R,0,0,0,,#DIV/0!,#DIV/0!
53,H,1.17768,0,0,,#NUM!,#NUM!
53,P,0,0.241223,0,,#DIV/0!,#DIV/0!
53,Q,0,0.241223,0,,#DIV/0!,#DIV/0!
53,N,0,0,0,,#DIV/0!,#DIV/0!
53,T,0.588841,0,0,,#NUM!,#NUM!
53,S,0.588841,0,0,,#NUM!,#NUM!
53,A,0,0.241223,0,,#DIV/0!,#DIV/0!
53,M,0,0,0,,#DIV/0!,#DIV/0!
53,C,1123.97,2.41223,8.51718,,-3.037170939,-2.333947193
53,V,15.3099,9.64893,7.44594,,-0.569328132,-0.526541121
53,I,1.17768,0,0,,#NUM!,#NUM!
53,L,4.71073,0,0,,#NUM!,#NUM!
53,Y,0,0,0,,#DIV/0!,#DIV/0!
53,F,0,0,0,,#DIV/0!,#DIV/0!
53,W,1.17768,1.20612,0,,-0.358471715,#NUM!
53,*,0,0,0,,#DIV/0!,#DIV/0!
54,E,0,0,0,,#DIV/0!,#DIV/0!
54,D,6.13369,0,0,,#NUM!,#NUM!
54,K,1.02228,1.17342,0,,-0.308951312,#NUM!
54,R,0,0,0,,#DIV/0!,#DIV/0!
54,H,0,0,0,,#DIV/0!,#DIV/0!
54,P,0.511141,0,0.531388,,#NUM!,-0.196617275
54,Q,0,0,0,,#DIV/0!,#DIV/0!
54,N,6.13369,3.52025,1.06278,,-0.60998325,-0.974766749
54,S,191.923,1.20612,90.4017,,-2.570571439,-0.540438726
54,A,0.511141,0,0.531388,,#NUM!,-0.196617275
54,G,5.11427,0,2.12752,,#NUM!,-0.5943983
54,M,0,0.293354,0,,#DIV/0!,#DIV/0!
54,C,9135.11,55.1506,1146.73,,-2.587998474,-1.114740906
54,V,0,0,0,,#DIV/0!,#DIV/0!
54,I,1.36304,1.17342,4.25111,,-0.433890049,0.280505442
54,L,496.825,0.293354,1797.15,,-3.597646361,0.344892586
54,Y,3.06685,0,0,,#NUM!,#NUM!
54,F,2.72609,0,0,,#NUM!,#NUM!
54,W,0,0.293354,1.06278,,#DIV/0!,#DIV/0!
54,*,1.0265,0.293354,2.12555,,-0.912801873,0.102624072
55,E,2.56666,3.55E-08,0.423618,,-8.227858719,-0.995882236
55,D,0,0,0,,#DIV/0!,#DIV/0!
55,K,37.2166,4.61962,0.423618,,-1.274965376,-2.157250589
55,R,2.55021,0.577453,2.64761,,-1.013894236,-0.197210231
55,H,0,0,0,,#DIV/0!,#DIV/0!
55,P,0,3.55E-08,0.423618,,#DIV/0!,#DIV/0!
55,Q,0,3.55E-08,0.423618,,#DIV/0!,#DIV/0!
55,N,0,0,0,,#DIV/0!,#DIV/0!
55,T,0,0,0,,#DIV/0!,#DIV/0!
55,S,0,0,0,,#DIV/0!,#DIV/0!
55,A,0,3.55E-08,0.423618,,#DIV/0!,#DIV/0!
55,M,0,0,0,,#DIV/0!,#DIV/0!
55,C,2.55021,0.577453,2.64761,,-1.013894236,-0.197210231
55,V,0,0,0,,#DIV/0!,#DIV/0!
55,I,0,0,0,,#DIV/0!,#DIV/0!
55,L,0,0,0,,#DIV/0!,#DIV/0!
55,Y,0,0,0,,#DIV/0!,#DIV/0!
55,F,0,0,0,,#DIV/0!,#DIV/0!
55,W,3.06025,0,1.05905,,#NUM!,-0.674328742
55,*,0,0,0,,#DIV/0!,#DIV/0!
56,E,2.04017,1.15491,0,,-0.615953149,#NUM!
56,D,0,0,0,,#DIV/0!,#DIV/0!
56,R,1.01995,0,0,,#NUM!,#NUM!
56,H,1.01995,1.15491,0,,-0.314865674,#NUM!
56,P,15.3012,3.84969,5.29468,,-0.968134667,-0.674374074
56,Q,17.3414,3.46472,12.7085,,-1.068250947,-0.348478162
56,N,6.1197,3.46472,0,,-0.615896924,#NUM!
56,T,0,0,1.05872,,#DIV/0!,#DIV/0!
56,S,0,0,0,,#DIV/0!,#DIV/0!
56,A,0,1.92484,0,,#DIV/0!,#DIV/0!
56,G,0,0,0,,#DIV/0!,#DIV/0!
56,M,0,0,0,,#DIV/0!,#DIV/0!
56,C,1.01995,0,0,,#NUM!,#NUM!
56,V,0,0,0,,#DIV/0!,#DIV/0!
56,I,1.01995,0,0,,#NUM!,#NUM!
56,L,0,0,0,,#DIV/0!,#DIV/0!
56,Y,1.01995,0,0,,#NUM!,#NUM!
56,F,0,0,0,,#DIV/0!,#DIV/0!
56,W,1.01995,0,0,,#NUM!,#NUM!
56,*,3.05985,0,0,,#NUM!,#NUM!
57,E,1.01929,0,0,,#NUM!,#NUM!
57,D,1.01916,0,0,,#NUM!,#NUM!
57,K,34.6559,16.1687,16.936,,-0.699937013,-0.524454636
57,R,0,0,0,,#DIV/0!,#DIV/0!
57,H,1.01916,0,0,,#NUM!,#NUM!
57,P,15.2923,6.92944,6.35166,,-0.712609605,-0.595073866
57,Q,2.03858,2.30981,0,,-0.314586436,#NUM!
57,N,0,0,1.05828,,#DIV/0!,#DIV/0!
57,S,2.03832,1.15491,0,,-0.615559158,#NUM!
57,A,2.03898,0,1.05861,,#NUM!,-0.498165273
57,G,0,0,0,,#DIV/0!,#DIV/0!
57,M,0.25479,0,0,,#NUM!,#NUM!
57,C,0,0,0,,#DIV/0!,#DIV/0!
57,V,0,0,0,,#DIV/0!,#DIV/0!
57,I,0,0,0,,#DIV/0!,#DIV/0!
57,L,0.25479,0,0,,#NUM!,#NUM!
57,Y,0,0,0,,#DIV/0!,#DIV/0!
57,F,1.01916,0,0,,#NUM!,#NUM!
57,W,0.25479,0,0,,#NUM!,#NUM!
57,*,0.25479,0,2.11657,,#NUM!,0.705961958
58,E,0,0,0,,#DIV/0!,#DIV/0!
58,D,1.01857,0,0,,#NUM!,#NUM!
58,K,0,0,0,,#DIV/0!,#DIV/0!
58,R,0,0,0,,#DIV/0!,#DIV/0!
58,H,1.01857,0,0,,#NUM!,#NUM!
58,P,6.11141,0,1.05731,,#NUM!,-0.97542738
58,Q,0,0,0,,#DIV/0!,#DIV/0!
58,N,13.2414,5.62937,5.28655,,-0.740309045,-0.61224986
58,S,6.11377,2.28113,1.05796,,-0.796993994,-0.975328148
58,A,0,0,1.05731,,#DIV/0!,#DIV/0!
58,G,0,0,0,,#DIV/0!,#DIV/0!
58,M,1.02211,0.281468,0,,-0.928903544,#NUM!
58,C,1.01857,0,0,,#NUM!,#NUM!
58,V,0,0,0,,#DIV/0!,#DIV/0!
58,I,4.07427,1.12587,3.17193,,-0.927396493,-0.322214511
58,L,1171.34,0.281468,3.52437,,-3.988088881,-2.735089778
58,Y,1.01857,1.12587,0,,-0.325337568,#NUM!
58,F,1.01857,0,0,,#NUM!,#NUM!
58,W,1.02211,0.281468,0,,-0.928903544,#NUM!
58,*,1.02211,0.281468,1.76218,,-0.928903544,0.023064331
59,E,0,1.12587,0,,#DIV/0!,#DIV/0!
59,D,3.05534,1.12587,2.1144,,-0.802406233,-0.373360695
59,K,2.03689,0,0,,#NUM!,#NUM!
59,R,0,0,0,,#DIV/0!,#DIV/0!
59,H,1.01845,0,0,,#NUM!,#NUM!
59,P,0,0,1.0572,,#DIV/0!,#DIV/0!
59,Q,0,0,0,,#DIV/0!,#DIV/0!
59,N,0,0,0,,#DIV/0!,#DIV/0!
59,T,14.7675,5.62937,278.69,,-0.787682119,1.062326107
59,S,14.7675,5.62937,225.595,,-0.787682119,0.970534191
59,A,2.03689,0,0,,#NUM!,#NUM!
59,G,16.2951,6.75524,9.51482,,-0.751251181,-0.447144753
59,M,1.01845,0,0,,#NUM!,#NUM!
59,C,2.03689,0,1.0572,,#NUM!,-0.498298721
59,I,5.09223,0,1.05731,,#NUM!,-0.896193971
59,L,1.01845,1.12587,0,,-0.325286399,#NUM!
59,Y,0,0,0,,#DIV/0!,#DIV/0!
59,F,23.4243,9.00699,6.34386,,-0.783921875,-0.780801331
59,W,0,0,1.0572,,#DIV/0!,#DIV/0!
59,*,1.01845,0,0,,#NUM!,#NUM!
60,E,2.03471,2.24009,0,,-0.327071986,#NUM!
60,D,1.01735,0,0,,#NUM!,#NUM!
60,K,1.01735,0,0,,#NUM!,#NUM!
60,R,0,0,0,,#DIV/0!,#DIV/0!
60,H,1.01735,0,0,,#NUM!,#NUM!
60,P,4.06942,3.36013,3.16698,,-0.452011369,-0.322375494
60,Q,0,0,0,,#DIV/0!,#DIV/0!
60,N,0,0,0,,#DIV/0!,#DIV/0!
60,T,1.52603,0,1.90019,,#NUM!,-0.118254343
60,S,4.57809,5.60021,7.60075,,-0.281314947,0.006683823
60,G,1.01735,0,0,,#NUM!,#NUM!
60,M,0.508677,1.12004,0,,-0.026043502,#NUM!
60,C,0,1.12004,1.05566,,#DIV/0!,#DIV/0!
60,V,1.01735,0,0,,#NUM!,#NUM!
60,I,1.01735,0,0,,#NUM!,#NUM!
60,L,0.508677,0,0,,#NUM!,#NUM!
60,Y,0,0,0,,#DIV/0!,#DIV/0!
60,F,0,0,0,,#DIV/0!,#DIV/0!
60,W,0,0,0,,#DIV/0!,#DIV/0!
60,*,0,0,0,,#DIV/0!,#DIV/0!
61,E,0,0,0,,#DIV/0!,#DIV/0!
61,D,1.00301,0,0,,#NUM!,#NUM!
61,K,8.02691,2.04114,2.00331,,-0.963510534,-0.816288534
61,H,1.00301,0,1.00119,,#NUM!,-0.214277059
61,P,0,2.04114,1.00165,,#DIV/0!,#DIV/0!
61,Q,13.0437,2.04114,9.01489,,-1.174362942,-0.373928669
61,N,0,0,0,,#DIV/0!,#DIV/0!
61,T,0,0,0,,#DIV/0!,#DIV/0!
61,S,0,0,0,,#DIV/0!,#DIV/0!
61,A,0,0,0,,#DIV/0!,#DIV/0!
61,G,0,0.510285,0.500597,,#DIV/0!,#DIV/0!
61,M,0,0,1.00119,,#DIV/0!,#DIV/0!
61,C,0,0.510285,0.500597,,#DIV/0!,#DIV/0!
61,V,1.00301,0,0,,#NUM!,#NUM!
61,I,0,0,0,,#DIV/0!,#DIV/0!
61,L,4.01204,4.08228,1.00119,,-0.361297399,-0.816337051
61,Y,0,0,0,,#DIV/0!,#DIV/0!
61,F,0,0,0,,#DIV/0!,#DIV/0!
61,W,1.00301,0,3.00358,,#NUM!,0.262845641
61,*,0,0,0,,#DIV/0!,#DIV/0!
62,E,9.12719,4.31831,5.08462,,-0.693858209,-0.467566889
62,D,0,1.07958,0,,#DIV/0!,#DIV/0!
62,K,0,1.07958,0,,#DIV/0!,#DIV/0!
62,R,0,0,0,,#DIV/0!,#DIV/0!
62,H,338.7,0,0,,#NUM!,#NUM!
62,P,1.01437,1.07958,1.01692,,-0.3417765,-0.212397907
62,Q,0,0,0,,#DIV/0!,#DIV/0!
62,N,0,0,0,,#DIV/0!,#DIV/0!
62,T,0,1.07958,0,,#DIV/0!,#DIV/0!
62,S,4.05629,4.31831,5.08462,,-0.341650115,-0.115358795
62,G,1.01407,0,0,,#NUM!,#NUM!
62,M,0,0,0,,#DIV/0!,#DIV/0!
62,C,2.02814,3.23873,3.05077,,-0.16555812,-0.036176763
62,V,0,0,0,,#DIV/0!,#DIV/0!
62,I,0,0,0,,#DIV/0!,#DIV/0!
62,L,0,0,3.05077,,#DIV/0!,#DIV/0!
62,Y,0,0,0,,#DIV/0!,#DIV/0!
62,F,2.02814,1.07958,0,,-0.642678034,#NUM!
62,W,1.01407,0,0,,#NUM!,#NUM!
62,*,0,0,0,,#DIV/0!,#DIV/0!
63,E,1.03805,0,1.02584,,#NUM!,-0.218626943
63,D,1.03805,0,0,,#NUM!,#NUM!
63,K,0,0,0,,#DIV/0!,#DIV/0!
63,R,3.11416,0,1.02546,,#NUM!,-0.695910497
63,H,1.03805,0,0,,#NUM!,#NUM!
63,P,10.3805,1.1566,1.02584,,-1.321870019,-1.218626943
63,Q,1.03805,3.4698,2.05169,,0.155251236,0.082405169
63,N,0,0,0,,#DIV/0!,#DIV/0!
63,T,0,1.14603,0,,#DIV/0!,#DIV/0!
63,S,0,0,0,,#DIV/0!,#DIV/0!
63,A,1.03805,0,1.02584,,#NUM!,-0.218626943
63,G,0,0,0,,#DIV/0!,#DIV/0!
63,M,0.519026,0,0,,#NUM!,#NUM!
63,C,0,0,0,,#DIV/0!,#DIV/0!
63,V,0,0,0.683639,,#DIV/0!,#DIV/0!
63,I,0.519026,2.29207,0.683639,,0.276203829,-0.093850583
63,Y,0,0,0,,#DIV/0!,#DIV/0!
63,F,0,0,0.683639,,#DIV/0!,#DIV/0!
63,W,0,0,1.02546,,#DIV/0!,#DIV/0!
63,*,0,1.14603,0,,#DIV/0!,#DIV/0!
64,E,9.47331,0,0,,#NUM!,#NUM!
64,D,0,0,0,,#DIV/0!,#DIV/0!
64,K,0,0,0,,#DIV/0!,#DIV/0!
64,R,0,0,0,,#DIV/0!,#DIV/0!
64,H,0,0,0,,#DIV/0!,#DIV/0!
64,P,0,0,0,,#DIV/0!,#DIV/0!
64,Q,0,0,0,,#DIV/0!,#DIV/0!
64,N,0,0,0,,#DIV/0!,#DIV/0!
64,T,0,0,0,,#DIV/0!,#DIV/0!
64,S,2.10518,0,0,,#NUM!,#NUM!
64,A,1.05259,1.14603,3.07681,,-0.331898187,0.252353139
64,G,1.05259,2.29207,1.0256,,-0.030866297,-0.224769527
64,M,0,0.573017,0.512801,,#DIV/0!,#DIV/0!
64,C,0,1.14603,0,,#DIV/0!,#DIV/0!
64,I,0,0.573017,0.512801,,#DIV/0!,#DIV/0!
64,L,0,0,1.0256,,#DIV/0!,#DIV/0!
64,Y,0,0,0,,#DIV/0!,#DIV/0!
64,F,4.21036,3.4381,2.05121,,-0.456835661,-0.525797405
64,W,0,0,0,,#DIV/0!,#DIV/0!
64,*,0,0,0,,#DIV/0!,#DIV/0!
65,E,4.24504,1.2308,0,,-0.906529233,#NUM!
65,D,0,0,0,,#DIV/0!,#DIV/0!
65,K,0,0,0,,#DIV/0!,#DIV/0!
65,R,1.06126,1.2308,0,,-0.304469242,#NUM!
65,H,0,1.2308,0,,#DIV/0!,#DIV/0!
65,P,0,0,0,,#DIV/0!,#DIV/0!
65,Q,0,0,0,,#DIV/0!,#DIV/0!
65,N,0,0,0,,#DIV/0!,#DIV/0!
65,T,0,0,1.02589,,#DIV/0!,#DIV/0!
65,S,1.06126,2.4616,1.02589,,-0.003439246,-0.228209299
65,G,0,0,0,,#DIV/0!,#DIV/0!
65,M,0,0,0,,#DIV/0!,#DIV/0!
65,C,1.06126,0,0,,#NUM!,#NUM!
65,V,2.12252,0,4.10357,,#NUM!,0.072821755
65,I,0,0,0,,#DIV/0!,#DIV/0!
65,L,1.06126,0,0,,#NUM!,#NUM!
65,Y,0,0,0,,#DIV/0!,#DIV/0!
65,F,0,0,0,,#DIV/0!,#DIV/0!
65,W,0,0,0,,#DIV/0!,#DIV/0!
65,*,0,0,0,,#DIV/0!,#DIV/0!
66,D,3.23805,1.25938,0,,-0.778961692,#NUM!
66,K,11.7353,0,7.26867,,#NUM!,-0.421527544
66,R,0,0,0,,#DIV/0!,#DIV/0!
66,H,0,0,0,,#DIV/0!,#DIV/0!
66,P,0,0,0,,#DIV/0!,#DIV/0!
66,Q,0,0,0,,#DIV/0!,#DIV/0!
66,N,0,0,0,,#DIV/0!,#DIV/0!
66,T,0,0,0,,#DIV/0!,#DIV/0!
66,S,0,0,0,,#DIV/0!,#DIV/0!
66,A,11.7353,13.5388,6.23029,,-0.306748958,-0.488474234
66,G,1.06685,0,0,,#NUM!,#NUM!
66,M,0,0,0,,#DIV/0!,#DIV/0!
66,C,0,0,0,,#DIV/0!,#DIV/0!
66,V,2.13369,0,0,,#NUM!,#NUM!
66,I,0,0,0,,#DIV/0!,#DIV/0!
66,L,0,0,0,,#DIV/0!,#DIV/0!
66,Y,0.533423,0.615399,0.519191,,-0.306749885,-0.225232882
66,F,0,1.2308,0,,#DIV/0!,#DIV/0!
66,W,0,0,0,,#DIV/0!,#DIV/0!
66,*,0.533423,0.615399,0.519191,,-0.306749885,-0.225232882
67,E,0,0,1.03838,,#DIV/0!,#DIV/0!
67,D,0,0,0,,#DIV/0!,#DIV/0!
67,K,0,0,0,,#DIV/0!,#DIV/0!
67,R,0,0,0,,#DIV/0!,#DIV/0!
67,H,0,1.25938,0,,#DIV/0!,#DIV/0!
67,P,0,0,0,,#DIV/0!,#DIV/0!
67,Q,0,0,0,,#DIV/0!,#DIV/0!
67,N,2.1587,2.5565,1.03838,,-0.295381428,-0.531324276
67,T,4.3174,2.5565,2.07676,,-0.596411424,-0.531324276
67,S,0,0,0,,#DIV/0!,#DIV/0!
67,A,0,0,0,,#DIV/0!,#DIV/0!
67,G,0,0,0,,#DIV/0!,#DIV/0!
67,M,6.4799,6.78683,1.03838,,-0.348736267,-1.008700289
67,C,0,0,0,,#DIV/0!,#DIV/0!
67,V,2.1587,2.51876,1.03838,,-0.301840438,-0.531324276
67,L,3.23805,0,1.03838,,#NUM!,-0.707415535
67,Y,0,0,0,,#DIV/0!,#DIV/0!
67,F,0,1.25938,3.11515,,#DIV/0!,#DIV/0!
67,W,0,0,0,,#DIV/0!,#DIV/0!
67,*,0,0,0,,#DIV/0!,#DIV/0!
68,E,1.08013,0,1.1021,,#NUM!,-0.204743326
68,K,0,0,0,,#DIV/0!,#DIV/0!
68,R,1.07998,0,0,,#NUM!,#NUM!
68,H,2.15997,2.71473,1.03838,,-0.269556011,-0.531579704
68,P,0,0,0,,#DIV/0!,#DIV/0!
68,Q,0,0,0,,#DIV/0!,#DIV/0!
68,N,1.07998,0,0,,#NUM!,#NUM!
68,T,0,0,1.03838,,#DIV/0!,#DIV/0!
68,S,1.07998,0,0,,#NUM!,#NUM!
68,A,2.15997,0,0,,#NUM!,#NUM!
68,G,1.07998,1.35737,1.03838,,-0.269552401,-0.230547698
68,M,0,0,0,,#DIV/0!,#DIV/0!
68,C,0,0,0,,#DIV/0!,#DIV/0!
68,V,3.23995,0,1.03838,,#NUM!,-0.707670293
68,I,0,0,0,,#DIV/0!,#DIV/0!
68,L,0,0,0,,#DIV/0!,#DIV/0!
68,Y,8.63987,4.0721,3.11515,,-0.695523707,-0.656516544
68,F,0,0,0,,#DIV/0!,#DIV/0!
68,W,0,0,0,,#DIV/0!,#DIV/0!
68,*,0,0,0,,#DIV/0!,#DIV/0!
69,E,0.540066,0,0,,#NUM!,#NUM!
69,D,0.540066,0,0,,#NUM!,#NUM!
69,K,0,0,0,,#DIV/0!,#DIV/0!
69,R,0,0,0,,#DIV/0!,#DIV/0!
69,H,0,0,0,,#DIV/0!,#DIV/0!
69,P,0,0,0,,#DIV/0!,#DIV/0!
69,Q,0,0,0,,#DIV/0!,#DIV/0!
69,N,0,0,0,,#DIV/0!,#DIV/0!
69,T,0,0,2.20421,,#DIV/0!,#DIV/0!
69,S,3.2404,6.78683,5.51051,,-0.047766587,0.017104872
69,G,0,0,0,,#DIV/0!,#DIV/0!
69,M,0,0,0,,#DIV/0!,#DIV/0!
69,C,0,0,0,,#DIV/0!,#DIV/0!
69,V,3.2404,0,5.51051,,#NUM!,0.017104872
69,I,0,0,0,,#DIV/0!,#DIV/0!
69,L,0,0,0,,#DIV/0!,#DIV/0!
69,Y,0,0,0,,#DIV/0!,#DIV/0!
69,F,0,0,0,,#DIV/0!,#DIV/0!
69,W,0,0,0,,#DIV/0!,#DIV/0!
69,*,0,0,0,,#DIV/0!,#DIV/0!
70,D,0,0,1.18586,,#DIV/0!,#DIV/0!
70,K,2.62371,0,6.818,,#NUM!,0.201252867
70,R,0,0,0,,#DIV/0!,#DIV/0!
70,H,0,0,0,,#DIV/0!,#DIV/0!
70,P,0,0,0,,#DIV/0!,#DIV/0!
70,Q,0,0,0,,#DIV/0!,#DIV/0!
70,N,0,0,1.13633,,#DIV/0!,#DIV/0!
70,T,0,0,0,,#DIV/0!,#DIV/0!
70,S,0,0,0,,#DIV/0!,#DIV/0!
70,A,2.62371,0,0,,#NUM!,#NUM!
70,G,1.31185,0,0,,#NUM!,#NUM!
70,M,0,0,0,,#DIV/0!,#DIV/0!
70,C,0,0,0,,#DIV/0!,#DIV/0!
70,V,0,0,1.18586,,#DIV/0!,#DIV/0!
70,I,0,0,0,,#DIV/0!,#DIV/0!
70,L,0,0,0,,#DIV/0!,#DIV/0!
70,Y,0,0,2.27267,,#DIV/0!,#DIV/0!
70,F,0,0,0,,#DIV/0!,#DIV/0!
70,W,0,0,0,,#DIV/0!,#DIV/0!
70,*,1.31185,0,2.27267,,#NUM!,0.0251639
71,E,0.681485,0,0,,#NUM!,#NUM!
71,D,0.681485,0,0,,#NUM!,#NUM!
71,K,0,0,0,,#DIV/0!,#DIV/0!
71,R,0,0,0,,#DIV/0!,#DIV/0!
71,H,0.681485,0,0,,#NUM!,#NUM!
71,P,0,0,0,,#DIV/0!,#DIV/0!
71,Q,0.681485,0,0,,#NUM!,#NUM!
71,N,0,0,0,,#DIV/0!,#DIV/0!
71,T,0,0,0,,#DIV/0!,#DIV/0!
71,S,4.08891,0,2.37172,,#NUM!,-0.450032435
71,A,0,0,0,,#DIV/0!,#DIV/0!
71,G,4.08891,3.6589,2.37172,,-0.417091945,-0.450032435
71,M,0,0,0,,#DIV/0!,#DIV/0!
71,C,0,1.82945,0,,#DIV/0!,#DIV/0!
71,V,1.36297,1.82945,1.18586,,-0.241000686,-0.273941176
71,I,0,0,0,,#DIV/0!,#DIV/0!
71,L,0,0,1.18586,,#DIV/0!,#DIV/0!
71,Y,0.681485,0,0.592931,,#NUM!,-0.273940444
71,W,0,1.82945,0,,#DIV/0!,#DIV/0!
71,*,0.681485,0,0.592931,,#NUM!,-0.273940444
72,E,0,0,0,,,
72,D,0,0,0,,,
72,K,0,0,0,,,
72,R,1.36388,1.99207,0,,,
72,H,0,0,0,,,
72,P,0,0,1.18599,,,
72,Q,0,0,0,,,
72,N,0,0,0,,,
72,T,0,0,0,,,
72,S,0,0,2.37198,,,
72,A,0,0,0,,,
72,G,0,0,0,,,
72,M,1.36388,0,1.77899,,,
72,C,0,0,0,,,
72,V,0,0,0,,,
72,I,0,0,1.77899,,,
72,Y,0,0,0,,,
72,F,1.36388,0,0,,,
72,W,0,0,0,,,
72,*,0,0,0,,,
73,E,0,0,0,,,
73,D,0,0,0,,,
73,K,0,0,0,,,
73,R,0,0,0,,,
73,H,0,0,0,,,
73,P,0,0,0,,,
73,Q,0,0,0,,,
73,N,0,0,0,,,
73,T,0,0,0,,,
73,S,1.47754,0,1.18638,,,
73,A,0,0,0,,,
73,G,0,0,0,,,
73,M,0,0,0,,,
73,C,2.95507,1.99207,1.18638,,,
73,V,4.43261,1.99207,2.37276,,,
73,I,5.91015,1.99207,1.18638,,,
73,L,2.95507,0,2.37276,,,
73,Y,0,0.996037,1.18638,,,
73,W,0,1.99207,0,,,
73,*,0,0.996037,0,,,
74,E,0,0,3.32976,,,
74,D,0,0,0,,,
74,K,0,0,0,,,
74,R,0,0,0,,,
74,H,0,0,0,,,
74,P,0,0,0,,,
74,Q,0,0,0,,,
74,N,0,0,0,,,
74,T,0,0,0,,,
74,S,0,0,0,,,
74,A,0,0,0,,,
74,G,0,0,0,,,
74,M,0,0,0,,,
74,C,0,0,0,,,
74,I,0,0,0,,,
74,L,0,0,0,,,
74,Y,0,0,0,,,
74,F,0,0,0,,,
74,W,0,0,0,,,
74,*,0,0,0,,,
75,E,0,0,0,,,
75,D,0,0,0,,,
75,K,2.75963,1.82445,0,,,
75,R,0,0,0,,,
75,H,0,0,0,,,
75,P,0,0,0,,,
75,Q,0,0,0,,,
75,T,0,0,0,,,
75,S,0,0,0,,,
75,A,0,0,0,,,
75,G,0,0,0,,,
75,M,0,0,0,,,
75,C,0,0,0,,,
75,V,0,0,0,,,
75,I,0,0,0,,,
75,L,0,0,0,,,
75,Y,0,0,0,,,
75,F,0,0,0,,,
75,W,0,0,0,,,
75,*,0,0,0,,,
76,E,6.89907,1.82445,3.32976,,,
76,D,0,0,0,,,
76,K,33.1156,29.1913,36.6273,,,
76,R,0,0,0,,,
76,H,0,0,0,,,
76,P,0,0,0,,,
76,Q,0,0,0,,,
76,N,0,0,0,,,
76,T,0,0,0,,,
76,S,0,0,0,,,
76,A,0,0,0,,,
76,M,0,0,0,,,
76,C,0,0,0,,,
76,V,0,0,0,,,
76,I,0,0,0,,,
76,L,0,0,0,,,
76,Y,0,0,0,,,
76,F,0,0,0,,,
76,W,0,0,0,,,
76,*,0,0,0,,,
77,E,0,0,0,,,
77,D,0,5.47336,1.66488,,,
77,K,2.73193,0,1.66488,,,
77,R,0,0,0,,,
77,H,0,0,0,,,
77,P,0,0,0,,,
77,Q,1.36597,0,0,,,
77,N,6.82983,7.29782,11.6541,,,
77,T,19.1235,27.3668,21.6434,,,
77,S,0,0,0,,,
77,G,1.36597,0,0,,,
77,M,0,0,0,,,
77,C,0,0,0,,,
77,V,1.36597,0,1.66488,,,
77,I,0,0,1.66488,,,
77,L,0,0,0,,,
77,Y,0,0,0,,,
77,F,0,0,0,,,
77,W,0,0,0,,,
77,*,6.82983,0,0,,,
78,E,5.02664,0,1.57815,,,
78,K,0,0,0,,,
78,R,0,0,0,,,
78,H,0,0.52901,0,,,
78,P,0,0,0,,,
78,Q,0,0,0,,,
78,N,0,0.52901,0,,,
78,T,0,0,0,,,
78,S,0,0,0,,,
78,A,0,0,0,,,
78,G,0,0,0,,,
78,M,0,0,0,,,
78,C,0,0,0,,,
78,V,0,0,0,,,
78,I,0,0,0,,,
78,L,0,0,0,,,
78,Y,0,0.52901,0,,,
78,F,0,0,0,,,
78,W,0,0,0,,,
78,*,0,0,0,,,
79,E,0,0,0,,,
79,D,0,0,0,,,
79,K,0,0,0,,,
79,R,0,0,0,,,
79,H,0,0,0,,,
79,P,1.21334,1.55395,0,,,
79,Q,0,0,0,,,
79,N,0,0,0,,,
79,T,1.21334,0.776977,0.000909049,,,
79,S,1.21334,0.776977,7.32127,,,
79,G,0,0,0,,,
79,M,0,0,0,,,
79,C,0,0,0,,,
79,V,0,0,0,,,
79,I,0,0,0,,,
79,L,0,0,0,,,
79,Y,0,0,0,,,
79,F,0,0,0,,,
79,W,0,0,0,,,
79,*,0,0,2.92887,,,
80,E,0,0,0,,,
80,D,0,0,0,,,
80,R,0,0,0,,,
80,H,0,0,0,,,
80,P,0,1.52348,0,,,
80,Q,0,0,1.46444,,,
80,N,1.17193,1.52348,0,,,
80,T,0,0,0,,,
80,S,0,0,0,,,
80,A,0,1.52348,0,,,
80,G,0,0,0,,,
80,M,0,0,0,,,
80,C,0,0,0,,,
80,V,0,0,0,,,
80,I,0,0,0,,,
80,L,0,0,0,,,
80,Y,1.17193,0,0,,,
80,F,2.34387,3.04695,0,,,
80,W,0,0,0,,,
80,*,0,0,0,,,
81,E,0,0.578396,0.810955,,,
81,D,0,0,0,,,
81,K,0,0.578396,0.810955,,,
81,R,0,0,0,,,
81,H,0,0,0,,,
81,P,0,0.578396,0.810955,,,
81,Q,5.59058,0.578396,0.810955,,,
81,N,0,0,0,,,
81,T,0,0,0,,,
81,S,0,0,0,,,
81,A,0,0.578396,0.810955,,,
81,G,0,0,0,,,
81,M,0,0,0,,,
81,C,0,0,0,,,
81,V,0,0.722995,0,,,
81,L,1.11812,0,0,,,
81,Y,0,0,0,,,
81,F,1.11812,0.722995,0,,,
81,W,0,0,0,,,
81,*,0,0,0,,,
82,E,0,0,0,,,
82,K,0,0,0,,,
82,R,0,0,0,,,
82,H,0,0,0,,,
82,P,0,0,0,,,
82,Q,1.02614,0,0,,,
82,N,0,0,0,,,
82,T,0,0,0,,,
82,S,0,0,0,,,
82,A,0,0,0,,,
82,G,0,0,0,,,
82,M,0,0,0,,,
82,C,0,0,0,,,
82,V,0,0,0,,,
82,I,0,0,0,,,
82,L,0,0,0,,,
82,Y,1.02614,0,0,,,
82,F,1.02614,0,0,,,
82,W,0,0,0,,,
82,*,0,1.23199,1.15221,,,
83,E,0,0,0,,,
83,D,0,0,1.15221,,,
83,K,0,0,0,,,
83,R,0,0,0,,,
83,H,1.02614,0,0,,,
83,P,0,0,0,,,
83,Q,0,0,0,,,
83,N,0,0,0,,,
83,T,1.02614,0,0,,,
83,S,2.05228,0,0,,,
83,A,0,0,0,,,
83,G,0,0,0,,,
83,M,0,0,0,,,
83,C,3.07842,2.46399,3.45664,,,
83,V,0,0,0,,,
83,I,0,0,0,,,
83,L,2.05228,1.23199,0,,,
83,Y,0,0,0,,,
83,W,1.02614,0,0,,,
83,*,0,0,0,,,
84,E,0,0,0,,,
84,D,0,1.23199,1.15221,,,
84,K,0,0,0,,,
84,R,0,0,0,,,
84,H,0,0,0,,,
84,P,0,0,0,,,
84,Q,1.02614,0,0,,,
84,N,0,0,0,,,
84,T,0,0.615996,0,,,
84,S,1.02614,0.615996,1.15221,,,
84,A,2.05228,0,0,,,
84,G,0,0,3.45664,,,
84,M,0,0,0,,,
84,C,0,0,0,,,
84,I,0,1.23199,0,,,
84,L,5.13071,0,0,,,
84,Y,0,0,0,,,
84,F,12.3137,8.62395,13.8266,,,
84,W,1.02614,0,0,,,
84,*,0,0,0,,,
85,E,0,0,0,,,
85,D,0,0,0,,,
85,K,0,0,0,,,
85,H,739.225,3.69598,3.45664,,,
85,P,4.07848,0,0,,,
85,Q,0,2.46399,0,,,
85,N,0,0,0,,,
85,T,0,0,0,,,
85,S,0,0,0,,,
85,A,0,0,0,,,
85,G,0,0,1.15221,,,
85,M,0,0,0,,,
85,C,3.0809,1.23199,3.45664,,,
85,V,0.339873,1.23199,1.53628,,,
85,I,0.339873,1.23199,1.53628,,,
85,L,228.395,6.15996,11.5221,,,
85,Y,0,0,0,,,
85,F,0.339873,1.23199,1.53628,,,
85,W,0,0,0,,,
85,*,0,0,0,,,
86,E,2.02209,0,0,,,
86,K,0,0,0,,,
86,R,0,0,0,,,
86,H,13.0876,39.5911,77.5549,,,
86,P,0,1.04187,8.20964,,,
86,Q,0,9.37684,20.9608,,,
86,N,3.0202,10.4187,1.0262,,,
86,T,2.01347,0,0.000809575,,,
86,S,14.0943,7.2931,7.18262,,,
86,A,10.0673,4.16748,1.0262,,,
86,G,1.00673,0,0,,,
86,M,0,0,0,,,
86,C,0,0,0,,,
86,V,12.0808,0,0,,,
86,I,2.01347,0,3.07861,,,
86,L,0,0,0,,,
86,Y,9.06061,1.04187,4.10482,,,
86,F,1.00673,0,0,,,
86,W,0,0,0,,,
86,*,0,1.04187,3.31E-07,,,
87,E,0,0,3.01078,,,
87,D,1.00504,0,0,,,
87,K,0,0,0,,,
87,R,1.00504,0,0,,,
87,H,0,0,0,,,
87,P,0,0,0,,,
87,Q,0,0,0,,,
87,N,0,0,0,,,
87,T,0,0,0,,,
87,S,0,0,0,,,
87,A,4.02016,4.07215,3.01078,,,
87,G,0,1.01294,0,,,
87,M,0,0.506469,0,,,
87,C,0,0,0,,,
87,I,6.03024,8.46E-05,0,,,
87,L,0,0.506469,0,,,
87,Y,0,0,0,,,
87,F,0,7.09048,0,,,
87,W,0,0,0,,,
87,*,0,0,0,,,
88,E,0,0,0,,,
88,D,0,0,0,,,
88,K,0,0,0,,,
88,R,0,0,0,,,
88,H,0,0,0,,,
88,P,0,0,0,,,
88,Q,0,0,0,,,
88,N,0,0,0,,,
88,T,36.6692,0,0,,,
88,S,0,0,0,,,
88,A,0,0,0,,,
88,G,2.09538,0,0,,,
88,C,0,0,0.50721,,,
88,V,0,2.02587,0,,,
88,I,7.33384,18.4204,26.3749,,,
88,L,9.42923,12.1552,12.173,,,
88,Y,2.09538,0,0,,,
88,F,3.14308,1.01294,1.01442,,,
88,W,7.33384,0,0.50721,,,
88,*,2.09538,0,0,,,
89,E,0,0,0,,,
89,D,0,0,0,,,
89,K,0,0,0,,,
89,R,1.04769,0,0,,,
89,H,0,0,0,,,
89,P,5.23846,0,0,,,
89,Q,0,0,0,,,
89,N,0,0,0,,,
89,S,0,0,1.01442,,,
89,A,4.19077,9.21018,4.05768,,,
89,G,0,0,0,,,
89,M,24.0969,1.02335,0,,,
89,C,0,0,0,,,
89,V,0,0,0,,,
89,I,24.0969,0,0,,,
89,L,0,0,0,,,
89,Y,0,0,0,,,
89,F,0,0,0,,,
89,W,0,0,0,,,
89,*,0,0,0,,,
90,E,0,0,0,,,
90,D,0,0,0,,,
90,K,0,0,0,,,
90,R,1.07502,0,0,,,
90,H,0.53751,0,0,,,
90,Q,0.53751,0,0,,,
90,N,0,0,0,,,
90,T,1.07502,0,0,,,
90,S,3.22506,0,1.03124,,,
90,A,1.07502,0,0,,,
90,G,0,0,0,,,
90,M,0,0,0,,,
90,C,0,0,0,,,
90,V,0,0,0,,,
90,I,0,0,0,,,
90,L,3.22506,4.09341,2.06248,,,
90,Y,0,0,0,,,
90,F,1.07502,0,0,,,
90,W,0,0,0,,,
90,*,0,0,0,,,
91,E,0,0,0,,,
91,D,0,0,0,,,
91,K,0,0,0,,,
91,R,0,0,0,,,
91,H,0,0,0,,,
91,P,0,0,0,,,
91,Q,1.08212,0,0,,,
91,N,0,0,0,,,
91,T,0,0,0,,,
91,S,0,0,0,,,
91,A,0,0,0,,,
91,G,0,0,0,,,
91,M,0,0,0,,,
91,C,2.16424,2.07856,3.18371,,,
91,V,0,1.03928,0,,,
91,I,1.08212,0,0,,,
91,L,3.24636,0,1.06124,,,
91,Y,0,3.11784,1.06124,,,
91,W,0,0,0,,,
91,*,0,0,0,,,
92,E,0,0,0,,,
92,D,0,0,1.06124,,,
92,K,0.552675,0,0,,,
92,R,0,0,0,,,
92,H,0,0,0,,,
92,P,0,0,0,,,
92,Q,0,0,0,,,
92,N,0.552675,1.04743,1.06124,,,
92,T,2.2107,0,2.12247,,,
92,S,1.10535,2.09487,4.24494,,,
92,G,1.10535,0,0,,,
92,M,1.10535,0.523717,0,,,
92,C,0,0,0,,,
92,V,3.31605,0,0,,,
92,I,0,0.523717,1.06124,,,
92,L,0,0,0,,,
92,Y,0,0,0,,,
92,F,0,0,0,,,
92,W,0,0,0,,,
92,*,0,0,0,,,
93,E,0,0,0,,,
93,D,0,0,0,,,
93,K,0,0,0,,,
93,R,6.93959,5.54648,21.5094,,,
93,H,0,1.1093,0,,,
93,P,0,0,0,,,
93,Q,0,0,0,,,
93,N,1.38792,0,2.15094,,,
93,T,2.77583,0,0,,,
93,A,0,0,0,,,
93,G,0,0,1.07547,,,
93,M,0,0,0,,,
93,C,8.3275,11.093,4.30189,,,
93,V,0,0,0,,,
93,I,8.3275,4.43718,10.7547,,,
93,L,0,1.1093,1.07547,,,
93,Y,0,0,0,,,
93,F,0,1.1093,2.15094,,,
93,W,0,0,0,,,
93,*,0,0,0,,,
94,E,0,0,0,,,
94,D,1.47519,0,0,,,
94,K,0,0,0,,,
94,R,0,0,0,,,
94,H,0,0,0,,,
94,P,1.47519,0,2.18904,,,
94,Q,0,0,0,,,
94,N,0,0,0,,,
94,T,4.42558,1.12992,0,,,
94,A,0,1.12992,2.18904,,,
94,G,0,0,0,,,
94,M,0,0,0,,,
94,C,0,0,0,,,
94,V,0,0,0,,,
94,I,0,0,0,,,
94,L,0,0,0,,,
94,Y,0,0,0,,,
94,F,0,1.12992,0,,,
94,W,0,0,0,,,
94,*,0,0,0,,,
95,E,0,0,0,,,
95,D,0,0,0,,,
95,R,0,1.22944,1.27961,,,
95,H,0,0,0,,,
95,P,1.49287,0,2.55923,,,
95,Q,4.47862,6.1472,8.9573,,,
95,N,3.02998,0,0,,,
95,T,1.49287,3.68832,3.83884,,,
95,S,0,0,0,,,
95,A,0,0,0,,,
95,G,0,0,0,,,
95,M,0,0,0,,,
95,C,0,3.68832,0,,,
95,V,0,2.45888,1.27961,,,
95,I,0,0,0,,,
95,L,0,0,0,,,
95,Y,0.746436,0,0,,,
95,F,0,0,0,,,
95,W,0,0,0,,,
95,*,0.746436,0,0,,,
96,E,0,0,0,,,
96,D,0,0,0,,,
96,K,0.757494,0,0,,,
96,R,0,0,0,,,
96,H,0,0,0,,,
96,P,9.08993,7.56077,10.4755,,,
96,Q,0,0,0,,,
96,N,0.757494,0,0,,,
96,S,0,1.26013,1.30944,,,
96,A,0,1.26013,0,,,
96,G,0,0,0,,,
96,M,0,0.630064,0,,,
96,C,0,0,0,,,
96,V,0,0,0,,,
96,I,0,0.630064,0,,,
96,L,0,0,0,,,
96,Y,0,0,0,,,
96,F,0,0,0,,,
96,W,0,0,0,,,
96,*,0,0,0,,,
97,E,0.312165,0,0,,,
97,D,0.312165,0,0,,,
97,K,0.312165,0,0,,,
97,R,0.312165,0,0,,,
97,H,0.312165,0,0,,,
97,P,0.312165,0,0,,,
97,Q,0.312165,0,0,,,
97,N,0.312165,0,0,,,
97,T,0.312165,0,0,,,
97,S,0.312165,0,0,,,
97,A,0.312165,0,0,,,
97,G,0.312165,0,0,,,
97,M,0.312165,0,0,,,
97,C,0.312165,0,0,,,
97,V,0.312165,0,0,,,
97,I,0.312165,0,0,,,
97,L,0.312165,0,0,,,
97,Y,0.312165,0,0,,,
97,W,0.312165,0,0,,,
97,*,0.312165,0,0,,,
98,E,0,0,0,,,
98,D,0,0,0,,,
98,K,0,0,0,,,
98,R,0,1.14375,0,,,
98,H,0,0,0,,,
98,P,0,0,0,,,
98,Q,0,0,0,,,
98,N,0,0,0,,,
98,T,0,0,0,,,
98,S,0,0,0,,,
98,A,0,0,0,,,
98,G,0,1.14375,0,,,
98,M,0,0,0,,,
98,V,4.30721,0,0,,,
98,I,0,0,0,,,
98,L,0,0,0,,,
98,Y,0,0,0,,,
98,F,0,0,0,,,
98,W,0,0,0,,,
98,*,0,0,0,,,
99,E,0,0,0,,,
99,D,0,0,0,,,
99,R,0,0,0,,,
99,H,0,0,0,,,
99,P,2.15361,2.28751,1.92833,,,
99,Q,0,0,0,,,
99,N,0,0,0,,,
99,T,0,0,1.92833,,,
99,S,0,0,0,,,
99,A,2.15361,2.28751,1.92833,,,
99,G,0,0,0,,,
99,M,0,0,0,,,
99,C,0,0,0,,,
99,V,0,0,0,,,
99,I,0,0,0,,,
99,L,0,0,0,,,
99,Y,0,2.24324,0,,,
99,F,0,0,0,,,
99,W,0,0,0,,,
99,*,0,0,0,,,
100,E,0,0.390352,0,,,
100,D,0,0,0,,,
100,K,0,0.390352,0,,,
100,R,2.56172,0,0,,,
100,H,0,0,0,,,
100,P,0,0.390352,0,,,
100,Q,0,0.390352,0,,,
100,N,0,0,0,,,
100,T,0,0,0,,,
100,S,0,0,0,,,
100,A,0,0.390352,0,,,
100,M,2.56172,0,0,,,
100,C,5.12344,1.95176,0,,,
100,V,2.56172,0,0.642775,,,
100,I,0,0,0.642775,,,
100,L,2.56172,0,0,,,
100,Y,0,0,0,,,
100,F,0,1.95176,0.642775,,,
100,W,7.68515,1.95176,3.85665,,,
100,*,0,0,0,,,
101,E,0,0,0,,,
101,D,0,0,0,,,
101,K,0,0,0,,,
101,R,4.74002,1.95176,1.92833,,,
101,H,0,0,0,,,
101,P,0,0,0,,,
101,Q,0,0,0,,,
101,N,0,0,0,,,
101,T,0,0,0,,,
101,S,0,0,0,,,
101,A,0,0,0,,,
101,M,0.592503,0,0.482081,,,
101,C,14.2201,3.90352,11.57,,,
101,V,0,3.90352,1.92833,,,
101,I,0,0,0,,,
101,L,0.592503,0,0.482081,,,
101,Y,0,0,0,,,
101,F,0,0,0,,,
101,W,0.592503,1.95176,0.482081,,,
101,*,0.592503,0,0.482081,,,
102,E,0,0,0,,,
102,D,0,0,0,,,
102,R,0,0,0,,,
102,H,0,0,0,,,
102,P,0,0,0,,,
102,Q,0,0,0,,,
102,N,6.15047,2.7575,5.25376,,,
102,T,1.23009,0,0,,,
102,S,0,0,0,,,
102,A,0,0,0,,,
102,G,0,0,0,,,
102,M,1.24087,0,0,,,
102,C,0,0,0,,,
102,V,0,0,0,,,
102,I,0,0,0,,,
102,L,0,0,0,,,
102,Y,0,0,0,,,
102,F,0,0,0,,,
102,W,0,0,0,,,
102,*,0,0,0,,,
103,E,13.9093,2.54452,2.56594,,,
103,D,0,0,0,,,
103,K,69.5464,0,5.13188,,,
103,R,0,0,0,,,
103,H,0,0,0,,,
103,P,0,0,0,,,
103,Q,0,0,0,,,
103,N,0,0,0,,,
103,T,0,0,0,,,
103,S,0,0,0,,,
103,A,4.63643,3.81677,1.28297,,,
103,G,0,0,0,,,
103,M,0,0,0,,,
103,C,0,0,0,,,
103,I,0,0,0,,,
103,L,0,0,0,,,
103,Y,0,0,0,,,
103,F,0,0,0,,,
103,W,0,0,0,,,
103,*,0,1.25427,0,,,
104,E,0,0,0,,,
104,D,0,0,1.1168,,,
104,K,12.9193,0,0,,,
104,R,0,0.362503,0,,,
104,H,0,0,0,,,
104,P,0,0,0,,,
104,Q,0,0,0,,,
104,N,10.7661,0,0,,,
104,T,0,0,0,,,
104,S,0,0,0,,,
104,A,0,0,0,,,
104,G,0,0.362503,0,,,
104,M,6.45966,0,1.1168,,,
104,C,0,0.362503,0,,,
104,V,1.1549,0,0,,,
104,L,0,0,0,,,
104,Y,0,0,0,,,
104,F,0,0,0,,,
104,W,2.15322,0,0,,,
104,*,0,0,0,,,
105,E,0,0.609248,0,,,
105,D,0,0,0,,,
105,K,5.59923,0.609248,3.21725,,,
105,R,0,0,0,,,
105,H,0,0,0,,,
105,P,2.79961,0.609248,0,,,
105,Q,0,0.609248,0,,,
105,N,0,0,0,,,
105,T,0,0,0,,,
105,S,1.01804,0,0,,,
105,A,2.79961,0.609248,0,,,
105,G,0,0,0,,,
105,M,0,0,0,,,
105,C,0,0,0,,,
105,V,0,0,0,,,
105,L,0,0,0,,,
105,Y,0,0,0,,,
105,F,0,0,0,,,
105,W,0,0,0,,,
105,*,0,0,0,,,
106,E,1.01111,0,0,,,
106,D,14.1555,1.01541,3.05177,,,
106,K,0,0,1.01726,,,
106,R,1.01111,0,0,,,
106,H,0,0,0,,,
106,P,0,0,0,,,
106,Q,0,0,0,,,
106,N,2.02222,0,0,,,
106,T,0,0.507707,0,,,
106,S,2.02222,0.507707,0,,,
106,A,0,0,0,,,
106,G,6.06666,1.01541,2.03451,,,
106,M,2.09712,2.21545,0,,,
106,C,0,0,0,,,
106,I,13.2345,4.06165,1.07242,,,
106,L,26.214,22.1545,18.3106,,,
106,Y,0,1.01541,0,,,
106,F,1.01804,5.07707,1.07242,,,
106,W,0,4.06165,8.13806,,,
106,*,1.01111,1.01541,0,,,
107,E,2.02222,0,0,,,
107,K,0,0,0,,,
107,R,0,0,0,,,
107,H,0,0,0,,,
107,P,0,0,0,,,
107,Q,1.01111,0,0,,,
107,N,2.02222,1.01541,0,,,
107,T,1.01111,0.000411361,0,,,
107,S,3.03333,8.12289,3.05177,,,
107,A,0,0,0,,,
107,G,0,0,0,,,
107,M,0,0,0,,,
107,C,0,0,2.03451,,,
107,V,1.01111,6.09248,1.01726,,,
107,I,0,0,0,,,
107,L,0,0,0,,,
107,Y,17.1889,5.07707,12.2071,,,
107,F,1.01111,1.01541,0,,,
107,W,0,0,0,,,
107,*,3.03333,1.01541,1.01726,,,
108,D,4.06917,2.04673,0,,,
108,K,3.03333,1.01541,0,,,
108,R,0,0,0,,,
108,H,0,0,1.01726,,,
108,P,1.01111,1.01541,0,,,
108,Q,2.02222,1.01541,3.05177,,,
108,N,0,0,0,,,
108,T,0,0,0,,,
108,S,0,0,0,,,
108,A,13.1444,9.13872,10.1726,,,
108,G,0,0,0,,,
108,M,2.02222,0,0,,,
108,C,0,0,0,,,
108,V,1.01111,1.01541,0,,,
108,I,0,0,0,,,
108,L,1.01111,0,0,,,
108,Y,0.505555,1.01541,0.508629,,,
108,F,0,0,0,,,
108,W,0,0,0,,,
108,*,0.505555,1.01541,0.508629,,,
109,E,0,0,0.2,,,
109,D,0,0,0,,,
109,K,0,0,0.2,,,
109,R,1.01146,0,0,,,
109,H,0,0,0,,,
109,P,0,0,0.2,,,
109,Q,0,0,0.2,,,
109,N,0,0,0,,,
109,T,0,0,0,,,
109,S,0,0,0,,,
109,A,0,0,0.2,,,
109,G,0,0,0,,,
109,M,0,0,0,,,
109,C,0,0,0,,,
109,V,1.01146,0,0,,,
109,I,1.01146,0,0,,,
109,L,1.01146,0,0,,,
109,Y,0,0,1,,,
109,W,0,0,0,,,
109,*,0,0,0,,,
110,E,21.4171,3.09409,3.02676,,,
110,K,0,1.03136,0,,,
110,R,0,0,0,,,
110,H,2.03973,0,0.50446,,,
110,P,0,0,0,,,
110,Q,1.01986,0,0.50446,,,
110,N,0,0,0,,,
110,T,0,0,0,,,
110,S,1.01986,2.06273,0,,,
110,A,4.07946,2.06273,5.0446,,,
110,G,1.01986,0,0,,,
110,M,0,0,0,,,
110,C,0,0,0,,,
110,V,0,0,0,,,
110,I,0,0,0,,,
110,L,1.01986,0,0,,,
110,Y,0.509932,0,1.00892,,,
110,F,0,1.03136,0,,,
110,W,0,0,0,,,
110,*,0.509932,0,1.00892,,,
111,E,1.01436,0,0,,,
111,D,0,0,0,,,
111,K,0.202872,0,0,,,
111,H,1.01436,2.04751,1.00892,,,
111,P,0,1.02376,0,,,
111,Q,1.01436,0,0,,,
111,N,0.202872,1.02376,0,,,
111,T,0.202872,0,0,,,
111,S,0,0,0,,,
111,A,1.01436,0,0,,,
111,G,5.09932,0,0,,,
111,M,0.202872,0,0,,,
111,C,9.17878,4.12545,1.00892,,,
111,V,0,0,0,,,
111,I,0.202872,0,0,,,
111,L,2.02872,2.04751,1.00892,,,
111,Y,0,0,0,,,
111,F,1.01436,0,0,,,
111,W,0,0,1.00892,,,
111,*,0,0,0,,,
112,E,0,0,0,,,
112,D,15.2509,3.09864,7.06244,,,
112,K,11.184,6.19727,18.1606,,,
112,R,9.15053,2.06576,9.08028,,,
112,H,0,0,0,,,
112,P,0,1.03288,0,,,
112,Q,0,1.03288,0,,,
112,N,2.03345,1.03288,0,,,
112,T,4.0669,1.03288,0,,,
112,S,19.3178,0,5.0446,,,
112,G,2.03345,0,0,,,
112,M,0,0,0,,,
112,C,1.01673,0,0,,,
112,V,2.03345,1.03288,1.00892,,,
112,I,0,0,0,,,
112,L,0,0,0,,,
112,Y,1.01673,0,0,,,
112,F,0,0,0,,,
112,W,0,0,0,,,
112,*,0,0,0,,,
113,E,0,0,0,,,
113,D,4.0669,0,1.00892,,,
113,K,0,0,0,,,
113,R,2.03345,2.06576,2.01784,,,
113,H,1.01673,0,0,,,
113,P,0,0,0,,,
113,Q,0,0,0,,,
113,N,1.01673,0,0,,,
113,T,1.01673,0,0,,,
113,S,0,0,0,,,
113,A,1.01673,0,0,,,
113,M,0,0,0,,,
113,C,15.2509,5.16439,7.06244,,,
113,V,50.8363,7.23015,13.116,,,
113,I,1.01673,0,0,,,
113,L,0,0,0,,,
113,Y,1.01673,1.03288,0,,,
113,F,6.10035,0,3.02676,,,
113,W,0,0,0,,,
113,*,0,0,0,,,
114,E,0,0,0,,,
114,D,0,0,0,,,
114,K,0,0,0,,,
114,R,2.05942,2.06576,2.05217,,,
114,H,0,0,0,,,
114,P,1.02971,0,0,,,
114,Q,0,0,0,,,
114,N,0,0,0,,,
114,T,0,0,0,,,
114,S,0,0,0,,,
114,A,1.02971,0,0,,,
114,G,0,0,0,,,
114,M,0,0,0,,,
114,C,0,0,0,,,
114,V,1.02971,1.03288,1.02609,,,
114,I,6.17827,1.03288,1.02609,,,
114,Y,0,0,0,,,
114,F,44.2776,0,1.02609,,,
114,W,0,0,0,,,
114,*,1.02971,0,0,,,
115,E,4.11884,0,0.513043,,,
115,D,0,0,0.513043,,,
115,K,0,0,0,,,
115,R,0,0,0,,,
115,H,0,0,0,,,
115,P,1.02971,0,0,,,
115,Q,0,0,0,,,
115,N,0,0,0,,,
115,T,1.02971,0,0,,,
115,S,19.5645,3.09864,4.10434,,,
115,G,0,0,0,,,
115,M,0,0,0,,,
115,C,0,0,0,,,
115,V,23.6834,2.06576,0,,,
115,I,0,0,0,,,
115,L,0,0,0,,,
115,Y,0,0,0,,,
115,F,9.2674,0,0,,,
115,W,1.02971,0,0,,,
115,*,0,0,0,,,
116,E,1.11909,0,0,,,
116,K,0,0,0,,,
116,R,0,0,0,,,
116,H,0,0,0,,,
116,P,0,0,0,,,
116,Q,0,0,0,,,
116,N,26.3478,1.04407,0,,,
116,T,0,0,0,,,
116,S,2.19565,0,1.04548,,,
116,A,7.68478,8.35256,2.09097,,,
116,G,0,1.04407,1.04548,,,
116,M,0,0,0,,,
116,C,0,0,0,,,
116,V,2.19565,0,1.04548,,,
116,I,0,0,0,,,
116,L,0,0,0,,,
116,Y,8.7826,1.04407,2.09097,,,
116,F,0,0,0,,,
116,W,0,0,0,,,
116,*,0,0,0,,,
117,E,0,0,0,,,
117,D,1.11909,0,0,,,
117,K,0,0,0,,,
117,R,0,0,0,,,
117,H,0,0,0,,,
117,P,0,0,0,,,
117,Q,0,0,0,,,
117,N,0,0,0,,,
117,T,1.11909,1.05551,0,,,
117,A,13.429,1.05551,0,,,
117,G,0,0,0,,,
117,M,0,0,0,,,
117,C,2.23817,0,0,,,
117,V,0,0,0,,,
117,I,0,0,0,,,
117,L,0,0,0,,,
117,Y,8.95269,1.05551,3.13645,,,
117,F,5.59543,2.11102,2.09097,,,
117,W,0,0,0,,,
117,*,0,0,0,,,
118,E,0,0.00900779,0,,,
118,D,0,0.00900779,0,,,
118,K,0.965358,0.00900779,0,,,
118,R,2.01974,0.00900779,0,,,
118,H,0,0.00900779,0,,,
118,P,8.07897,0.00900779,0,,,
118,N,0.965358,0.00900779,0,,,
118,T,0,0.00900779,0,,,
118,S,0.321786,0.00900779,0,,,
118,A,0,0.00900779,0,,,
118,G,0,0.00900779,0,,,
118,M,0,0.00900779,0,,,
118,C,0.321786,0.00900779,0,,,
118,V,0,0.00900779,0,,,
118,I,0,0.00900779,0,,,
118,L,0,0.00900779,0,,,
118,Y,0.321786,0.00900779,0,,,
118,F,0.321786,0.00900779,0,,,
118,W,0.321786,0.00900779,0,,,
118,*,0.321786,0.00900779,0,,,
119,E,0,0.00900779,0,,,
119,D,0,0.00900779,0,,,
119,K,0,0.00900779,0,,,
119,H,4.03949,0.00900779,0,,,
119,P,6.05923,0.00900779,0,,,
119,Q,0,0.00900779,0,,,
119,N,0,0.00900779,0,,,
119,T,0,0.00900779,0,,,
119,S,0,0.00900779,0,,,
119,A,0,0.00900779,0,,,
119,G,2.01974,0.00900779,0,,,
119,M,0,0.00900779,0,,,
119,C,0,0.00900779,0,,,
119,V,0,0.00900779,0,,,
119,I,0,0.00900779,0,,,
119,L,0,0.00900779,0,,,
119,Y,0,0.00900779,0,,,
119,F,0,0.00900779,0,,,
119,W,0,0.00900779,0,,,
119,*,0,0.00900779,0,,,
120,E,0,0.00900779,0,,,
120,D,0,0.00900779,0,,,
120,K,1.39299,8.38518,0,,,
120,R,0,0.00900779,0,,,
120,P,36.2177,16.7614,2.8589,,,
120,Q,2.78597,16.7614,0,,,
120,N,1.39299,8.38518,0,,,
120,T,5.57195,0.00900779,0,,,
120,S,0,0.00900779,0,,,
120,A,0,0.00900779,0,,,
120,G,0,0.00900779,0,,,
120,M,0,0.00900779,0,,,
120,C,0,0.00900779,0,,,
120,V,0,0.00900779,0,,,
120,I,0,0.00900779,0,,,
120,L,0,0.00900779,0,,,
120,Y,0,0.00900779,0,,,
120,F,0,0.00900779,0,,,
120,W,0,0.00900779,0,,,
120,*,0,0.00900779,0,,,
121,E,0,0.00900779,0,,,
121,D,0,0.00900779,0,,,
121,K,0,0.00900779,0,,,
121,R,0,0.00900779,2.8589,,,
121,H,0,0.00900779,0,,,
121,P,13.9299,0.00900779,0,,,
121,Q,0,0.00900779,0,,,
121,N,0,0.00900779,0,,,
121,T,0,0.00900779,0,,,
121,S,0,0.00900779,0,,,
121,A,0,0.00900779,0,,,
121,G,0,0.00900779,0,,,
121,M,0,0.00900779,2.8589,,,
121,C,0,0.00900779,0,,,
121,V,0,0.00900779,0,,,
121,I,0,0.00900779,0,,,
121,Y,0,0.00900779,0,,,
121,F,0,0.00900779,0,,,
121,W,0,0.00900779,0,,,
121,*,0,0.00900779,0,,,
122,E,0,0,0,,,
122,D,0,0,0,,,
122,K,0,0,0,,,
122,H,0,0,0,,,
122,P,1.50372,0,0,,,
122,Q,0,0,0,,,
122,N,0,0,0,,,
122,T,0,0,0,,,
122,S,4.51116,0,0,,,
122,A,1.50372,0,0,,,
122,G,16.657,0,0,,,
122,M,0,0,0,,,
122,C,1926.15,29.9933,15.846,,,
122,V,0,0,0,,,
122,I,0,0,0,,,
122,L,0,0,0,,,
122,Y,1.50372,0,0,,,
122,F,9.02232,0,0,,,
122,W,0,0,0,,,
122,*,0,0,0,,,
123,E,0.346615,0,0,,,
123,D,0,0,0,,,
123,K,0.346615,0,0,,,
123,R,0,0,0,,,
123,H,0,0,0,,,
123,P,1.03984,0,0,,,
123,Q,0.346615,0,0,,,
123,N,0,0,0,,,
123,T,4.19681,0,0,,,
123,A,0,0,0,,,
123,G,0,0,0,,,
123,M,0.519922,0,0.280445,,,
123,C,0,0,0,,,
123,V,0,0,0,,,
123,I,0,0,0,,,
123,L,0.519922,0,0.280445,,,
123,Y,4.15938,0,1.12178,,,
123,F,0,0,0,,,
123,W,0,0,0.280445,,,
123,*,0,1.30406,0.280445,,,
124,E,0,0.254681,0.448712,,,
124,D,0,0,0,,,
124,K,0,0.254681,0.448712,,,
124,R,0,0,0,,,
124,H,0,0,0,,,
124,P,0,0.254681,0.448712,,,
124,Q,3.61869,0.254681,0.448712,,,
124,N,0,0,0,,,
124,T,0,0,0,,,
124,S,0,0,0,,,
124,A,3.61869,0.254681,0.448712,,,
124,G,0,0,0,,,
124,M,1.03391,0,0,,,
124,C,0,1.27341,0,,,
124,V,4.6526,0.636703,0,,,
124,I,4.6526,0.636703,0,,,
124,L,0,0,0,,,
124,Y,0,0,0,,,
124,W,0,0,0,,,
124,*,1.03391,0,0,,,
125,E,0.412707,0,0,,,
125,D,0,0,0,,,
125,K,0.412707,0,0,,,
125,R,0,0,0,,,
125,H,0,0,0,,,
125,P,0.412707,0,0,,,
125,Q,0.412707,0,0,,,
125,N,0,0,0,,,
125,T,0,0,0,,,
125,S,0,0,0,,,
125,A,0.412707,0,0,,,
125,G,0,0,0,,,
125,C,0,0,0,,,
125,V,0,0,0,,,
125,I,10.3177,0,1.12178,,,
125,L,1.03391,0,0,,,
125,Y,0,0,0,,,
125,F,0,0,0,,,
125,W,3.0953,1.27341,1.12178,,,
125,*,1.03177,0,0,,,
126,D,0,0,0,,,
126,K,2.06354,0,0,,,
126,R,0,0,0,,,
126,H,0,0,0,,,
126,P,0,0,0,,,
126,Q,0,0,0,,,
126,N,1.02913,0,0,,,
126,T,0,0,0,,,
126,S,0,0,0,,,
126,A,3.09213,0,1.12178,,,
126,G,0,0,0,,,
126,M,0,0,0,,,
126,C,0,0,0,,,
126,V,0,0,0,,,
126,I,0,0,0,,,
126,L,1.02913,0,0,,,
126,Y,0,0,0,,,
126,F,0,0,0,,,
126,W,0,0,0,,,
126,*,3.08739,0,0,,,
127,E,1.02654,1.2045,2.24356,,,
127,D,1.02446,0,1.12178,,,
127,K,0,0,0,,,
127,R,0,0,0,,,
127,H,1.02446,0,0,,,
127,P,1.02808,1.27341,0,,,
127,Q,0,0,0,,,
127,N,0,0,0,,,
127,T,0.512228,0,0,,,
127,S,0.512228,0,0,,,
127,G,0,0,0,,,
127,M,0,0,0,,,
127,C,0,0,0,,,
127,V,0,0,0,,,
127,I,0,0,0,,,
127,L,2.04891,0,0,,,
127,Y,0,0,0,,,
127,F,0,0,0,,,
127,W,0,0,0,,,
127,*,0,0,0,,,
128,E,0,0,0,,,
128,D,0,0,1.07713,,,
128,K,0,1.1693,0,,,
128,R,0,0,0,,,
128,P,0,0,0,,,
128,Q,2.04271,1.1693,3.2314,,,
128,N,0,0,1.07713,,,
128,T,1.02136,0,0,,,
128,S,0,0,0,,,
128,A,0,1.1693,0,,,
128,G,0,0,0,,,
128,M,0,0,0,,,
128,C,0,0,0,,,
128,V,0,0,0,,,
128,I,0,0,0,,,
128,L,0,0,0,,,
128,Y,0,2.3386,6.4628,,,
128,F,0,1.1693,1.07713,,,
128,W,1.02136,0,0,,,
128,*,0,0,0,,,
129,E,2.03965,3.5079,1.07713,,,
129,D,1.0183,0,0,,,
129,K,2.03965,0,0,,,
129,R,2.03659,0,0,,,
129,H,1.0183,0,0,,,
129,P,3.06407,0,0,,,
129,Q,0,0,0,,,
129,N,0,0,0,,,
129,T,0,0,0,,,
129,A,3.06407,4.6772,0,,,
129,G,0,0,0,,,
129,M,3.39432,0,0,,,
129,C,0,0,0,,,
129,V,0,0,0,,,
129,I,1.0183,0,0,,,
129,L,0,0,0,,,
129,Y,0,0,0,,,
129,F,0,0,0,,,
129,W,0,0,0,,,
129,*,1.69716,1.1693,0,,,
130,E,0,0,0,,,
130,D,0,0,0,,,
130,R,0,0,0,,,
130,H,0,0,0,,,
130,P,0,0,0,,,
130,Q,2.03161,1.14678,0,,,
130,N,15.2371,2.29356,0,,,
130,T,0,0,0,,,
130,S,0,0,0,,,
130,A,0,0,0,,,
130,G,0,0,0,,,
130,M,0,0,0,,,
130,C,0,0,0,,,
130,V,0,0,0,,,
130,I,0,0,0,,,
130,L,1.01678,0,0,,,
130,Y,0,0,0,,,
130,F,1.0158,0,0,,,
130,W,0,0,0,,,
130,*,2.03659,0,0,,,
131,E,0,0,0,,,
131,D,0,0,0,,,
131,K,2.02175,1.10404,3.2314,,,
131,R,2.02175,0,0,,,
131,H,2.02175,0,0,,,
131,P,1.01087,0,0,,,
131,Q,1.01087,0,0,,,
131,T,0,0,0,,,
131,S,0,0,0,,,
131,A,1.01087,0,0,,,
131,G,0,0,0,,,
131,M,1.01087,0,0,,,
131,C,0,0,0,,,
131,V,0,0,0,,,
131,I,1.01087,0,0,,,
131,L,0,0,0,,,
131,Y,0,0,0,,,
131,F,0,0,0,,,
131,W,0,0,0,,,
131,*,3.03262,0,0,,,
132,E,1.00802,0,0,,,
132,D,0,0,0,,,
132,K,0,0,0,,,
132,R,6.06525,1.10404,0,,,
132,H,1.00802,0,0,,,
132,P,0,0,0,,,
132,Q,0,0,0,,,
132,N,1.00802,0,0,,,
132,T,0,0,0,,,
132,S,0,0,1.07713,,,
132,A,0,0,0,,,
132,G,46.5002,4.41615,3.2314,,,
132,M,0,0,0,,,
132,V,2.01603,0,0,,,
132,I,2.01603,0,0,,,
132,L,0,0,0,,,
132,Y,0,0,0,,,
132,F,8.06413,2.20808,0,,,
132,W,6.0568,3.31212,6.4628,,,
132,*,0,0,0,,,
133,E,0,0,0,,,
133,D,0,0,0,,,
133,K,0,0,0,,,
133,R,0,0,0,,,
133,H,0,0,0,,,
133,P,3.01961,0,0,,,
133,Q,1.00654,0,0,,,
133,N,4.02615,1.0876,1.05647,,,
133,S,382.23,2.20808,0,,,
133,A,1.00654,0,0,,,
133,G,0,0,0,,,
133,M,0,0,0,,,
133,C,1.00654,0,0,,,
133,V,1.00654,0,0,,,
133,I,2.01307,0,0,,,
133,L,0,0,0,,,
133,Y,0,0,0,,,
133,F,1.00654,0,0,,,
133,W,0,0,0,,,
133,*,0,0,0,,,
134,E,0,0,0.4,,,
134,D,0,0,0,,,
134,K,0.502477,0,0.4,,,
134,R,0,0,0,,,
134,H,0,0,0,,,
134,P,0,0,0.4,,,
134,Q,0,0,0.4,,,
134,N,0.502477,0,0,,,
134,T,0,0,0,,,
134,S,0,0,0,,,
134,A,1.00495,0,0.4,,,
134,G,0,0,0,,,
134,M,0,0,0,,,
134,C,1.00495,0,0,,,
134,V,0,0,1,,,
134,I,0,0,0,,,
134,L,4.01981,0,0,,,
134,Y,0,0,0,,,
134,W,0,0,0,,,
134,*,0,0,0,,,
135,E,0,0,0,,,
135,D,0,0,0,,,
135,K,0,0,0,,,
135,R,0,1,4,,,
135,H,0,0,0,,,
135,P,0,0,0,,,
135,Q,3.00428,0,0,,,
135,N,3.00428,1.0188,0,,,
135,T,4.00571,1.0188,2.0576,,,
135,S,0,0,0,,,
135,A,0,0,0,,,
135,G,3.00428,1,1.34E-07,,,
135,M,1.00143,1.0188,2.0576,,,
135,C,1.00143,1,1.34E-07,,,
135,V,3.01486,0,0,,,
135,L,3.00428,0,0,,,
135,Y,2.00286,0,0,,,
135,F,3.01486,0,0,,,
135,W,2.00286,0,1,,,
135,*,0,0,0,,,
136,E,0,0,0,,,
136,D,1.00143,0,0,,,
136,K,0.502737,0,0,,,
136,R,2.00286,0,0,,,
136,H,0,0,0,,,
136,P,0,0,0,,,
136,Q,1.00143,0,0,,,
136,N,0.502737,0,0,,,
136,T,1.00547,0,0,,,
136,S,1.00143,0,0,,,
136,A,2.00286,0,0,,,
136,G,1.00143,0,0,,,
136,M,0,0,0,,,
136,C,1.00143,0,0,,,
136,V,1.00143,0,0,,,
136,L,3.00428,0,0,,,
136,Y,0,0,0,,,
136,F,0,0,0,,,
136,W,1.00143,0,0,,,
136,*,1.00143,0,0,,,
137,E,0,0,0,,,
137,D,0,0,0,,,
137,K,2.04425,3.05641,0,,,
137,R,2.04425,0,0,,,
137,H,1.02212,0,0,,,
137,P,3.06637,0,0,,,
137,Q,0,0,0,,,
137,N,2.04425,0,0,,,
137,S,3.06637,0,1.18306,,,
137,A,1.02212,0,0,,,
137,G,0,0,0,,,
137,M,0.511062,0,0,,,
137,C,3.06637,0,0,,,
137,V,1.02212,0,0,,,
137,I,0.511062,0,0,,,
137,L,2.04425,0,0,,,
137,Y,0,0,0,,,
137,F,0,0,0,,,
137,W,0,0,0,,,
137,*,0,0,0,,,
138,E,2.05356,0,0,,,
138,D,8.21424,0,7.09834,,,
138,K,1.02678,0,0,,,
138,R,1.02678,0,0,,,
138,H,0,0,0,,,
138,P,3.08034,0,0,,,
138,Q,1.02678,0,0,,,
138,N,0,0,0,,,
138,T,4.10712,1.03824,0,,,
138,S,8.21424,2.07648,0,,,
138,G,4.10712,0,0,,,
138,M,0,0,0,,,
138,C,2.05356,0,0,,,
138,V,1.02678,0,0,,,
138,I,2.05356,0,0,,,
138,L,0,0,0,,,
138,Y,1.02678,0,0,,,
138,F,0,0,0,,,
138,W,3.08034,0,0,,,
138,*,0,0,0,,,
139,E,2.05454,0,0,,,
139,D,2.05454,0,0,,,
139,K,0,0,0,,,
139,R,1.02727,0,0,,,
139,H,2.05454,0.519119,0,,,
139,P,1.02727,0,0,,,
139,Q,2.05454,0.519119,0,,,
139,T,2.05454,0,0,,,
139,S,0,0,0,,,
139,A,1.02727,0,0,,,
139,G,2.05454,0,0,,,
139,M,3.08181,0,0,,,
139,C,1.02727,0,0,,,
139,V,1.02727,0,0,,,
139,I,0,0,0,,,
139,L,1.02727,0,0,,,
139,Y,0,0,0,,,
139,F,0,0,0,,,
139,W,0,0,0,,,
139,*,0,0,0,,,
140,E,3.12623,4.15295,0,,,
140,K,2.7569,0.519119,0,,,
140,R,2.06767,0,0,,,
140,H,3.10151,0,0.623136,,,
140,P,0,0,0,,,
140,Q,0,0,0.623136,,,
140,N,1.37845,0.519119,0,,,
140,T,0,0,0,,,
140,S,0,0,0,,,
140,A,7.23686,0,2.49254,,,
140,G,0,0,0,,,
140,M,2.06767,0,0,,,
140,C,0,0,0,,,
140,V,2.06767,1.03824,0,,,
140,I,0,0,0,,,
140,L,2.06767,0,0,,,
140,Y,0,0.519119,0,,,
140,F,0,0,0,,,
140,W,0,0,0,,,
140,*,8.2707,0.519119,0,,,
141,E,0,0,0,,,
141,D,1.04208,0,0,,,
141,K,1.04208,0,0,,,
141,R,0,0,0,,,
141,H,0,0,0,,,
141,P,0,0,0,,,
141,Q,0,0,0,,,
141,N,1.04208,0,0,,,
141,T,1.04208,0,0,,,
141,S,0,0,0,,,
141,A,0,0,0,,,
141,G,1.04208,0,0,,,
141,M,0,1.03824,1.24627,,,
141,C,0,0,0,,,
141,V,1.04208,0,0,,,
141,I,1.04208,0,0,,,
141,Y,0,0,0,,,
141,F,1.04208,0,0,,,
141,W,0,0,0,,,
141,*,0,0,0,,,
142,E,1.09306,0,0,,,
142,D,2.18611,0,0,,,
142,K,0,0,0,,,
142,R,2.18611,0,1.24627,,,
142,H,5.46528,0,0,,,
142,P,0,0,0,,,
142,Q,0,0,0,,,
142,N,1.09306,0,0,,,
142,T,1.09306,0,0,,,
142,S,0,0,0,,,
142,A,0,0,0,,,
142,M,2.18611,0,0,,,
142,C,3.27917,0,0,,,
142,V,1.09306,0,0,,,
142,I,1.09306,0,0,,,
142,L,0,0,0,,,
142,Y,1.09306,0,0,,,
142,F,0,0,0,,,
142,W,1.09306,0,0,,,
142,*,0,0,0,,,
143,E,2.23928,1.05666,0,,,
143,D,0,0,0,,,
143,K,1.49286,0,0,,,
143,R,4.47857,0,0,,,
143,H,2.23928,0,0,,,
143,P,0,0,0,,,
143,Q,1.11964,0,0,,,
143,N,1.49286,0,0,,,
143,T,1.49286,0,0,,,
143,S,1.11964,0,0,,,
143,A,2.23928,0,0,,,
143,M,0,0,0,,,
143,C,0,0.52833,0,,,
143,V,1.11964,1.05666,0,,,
143,I,0,0,0,,,
143,L,1.11964,0,0,,,
143,Y,2.23928,0,0,,,
143,F,2.23928,0,0,,,
143,W,8.95714,0.52833,0,,,
143,*,1.11964,0,0,,,
144,E,0,0,0,,,
144,D,1.12012,0,0,,,
144,K,0,0,0,,,
144,R,2.24025,0,0,,,
144,H,1.12012,0,0,,,
144,P,2.24025,0,0,,,
144,Q,0,0,0,,,
144,N,1.12012,0,0,,,
144,T,4.4805,0,0,,,
144,S,1.12012,0,0,,,
144,A,0,0,0,,,
144,G,2.24025,0,0,,,
144,M,0,0,1.24627,,,
144,C,5.60062,0,0,,,
144,V,1.12012,0,0,,,
144,L,8.96099,0,0,,,
144,Y,0,0,0,,,
144,F,2.24025,0,0,,,
144,W,2.24025,0,0,,,
144,*,1.12012,0,0,,,
145,E,1.23214,0,0,,,
145,D,0,0,0,,,
145,K,0,0,0,,,
145,R,1.23214,0,0,,,
145,H,3.69641,0,0,,,
145,P,0,0,0,,,
145,Q,1.23214,0,0,,,
145,N,0,0,0,,,
145,T,5.91425,0,0,,,
145,S,0,0,0,,,
145,A,1.23214,0,0,,,
145,G,2.46427,0,0,,,
145,M,1.47856,1.13884,0,,,
145,C,1.23214,0,0,,,
145,V,0,0,0,,,
145,L,2.46427,0,0,,,
145,Y,0,0,0,,,
145,F,0,0,0,,,
145,W,1.23214,0,0,,,
145,*,1.23214,0,0,,,
,,,,,,,
,,,,,,,
,,,,,,,
,,,,,,,
,,,,,,,
,,,,,,,
,,,,,,,
,,,,,,,
,,,,,,,
,,,,,,,
,,,,,,,
,,,,,,,
,,,,,,,
,,,,,,,
,,,,,,,
,,,,,,,
,,,,,,,
,,,,,,,
,,,,,,,
,,,,,,,
,,,,,,,
,,,,,,,
,,,,,,,
,,,,,,,
,,,,,,,
,,,,,,,
,,,,,,,
,,,,,,,
,,,,,,,
,,,,,,,
,,,,,,,
,,,,,,,
,,,,,,,
,,,,,,,
,,,,,,,
,,,,,,,
,,,,,,,
,,,,,,,
,,,,,,,
,,,,,,,
,,,,,,,
,,,,,,,
,,,,,,,
,,,,,,,
,,,,,,,
,,,,,,,
,,,,,,,
,,,,,,,
,,,,,,,
,,,,,,,
,,,,,,,
,,,,,,,
,,,,,,,
,,,,,,,
,,,,,,,
,,,,,,,
,,,,,,,
,,,,,,,
,,,,,,,
,,,,,,,
,,,,,,,
,,,,,,,
,,,,,,,
,,,,,,,
,,,,,,,
,,,,,,,
,,,,,,,
,,,,,,,
,,,,,,,
,,,,,,,
,,,,,,,
,,,,,,,
,,,,,,,
,,,,,,,
,,,,,,,
,,,,,,,
,,,,,,,
,,,,,,,
,,,,,,,
,,,,,,,
,,,,,,,
,,,,,,,
,,,,,,,
,,,,,,,
,,,,,,,
,,,,,,,
,,,,,,,
,,,,,,,
,,,,,,,
,,,,,,,
,,,,,,,
,,,,,,,
,,,,,,,
,,,,,,,
,,,,,,,
,,,,,,,
,,,,,,,
,,,,,,,
,,,,,,,
,,,,,,,
,,,,,,,
,,,,,,,
,,,,,,,
,,,,,,,
,,,,,,,
,,,,,,,
,,,,,,,
,,,,,,,
,,,,,,,
,,,,,,,
,,,,,,,
,,,,,,,
,,,,,,,
,,,,,,,
,,,,,,,
,,,,,,,
,,,,,,,
,,,,,,,
,,,,,,,
,,,,,,,
,,,,,,,
,,,,,,,
,,,,,,,
,,,,,,,
,,,,,,,
,,,,,,,
,,,,,,,
,,,,,,,
,,,,,,,
,,,,,,,
,,,,,,,
,,,,,,,
,,,,,,,
,,,,,,,
,,,,,,,
,,,,,,,
,,,,,,,
,,,,,,,
,,,,,,,
,,,,,,,
,,,,,,,
,,,,,,,
,,,,,,,
,,,,,,,
,,,,,,,
,,,,,,,
,,,,,,,
,,,,,,,
,,,,,,,
,,,,,,,
,,,,,,,
,,,,,,,
,,,,,,,
,,,,,,,
,,,,,,,
,,,,,,,
,,,,,,,
,,,,,,,
,,,,,,,
,,,,,,,
,,,,,,,
,,,,,,,
,,,,,,,
,,,,,,,
,,,,,,,
,,,,,,,
,,,,,,,
,,,,,,,
,,,,,,,
,,,,,,,
,,,,,,,
,,,,,,,
,,,,,,,
,,,,,,,
,,,,,,,
,,,,,,,
,,,,,,,
,,,,,,,
,,,,,,,
,,,,,,,
,,,,,,,
,,,,,,,
,,,,,,,
,,,,,,,
,,,,,,,
,,,,,,,
,,,,,,,
,,,,,,,
,,,,,,,
,,,,,,,
,,,,,,,
,,,,,,,
,,,,,,,
,,,,,,,
,,,,,,,
,,,,,,,
,,,,,,,
,,,,,,,
,,,,,,,
,,,,,,,
,,,,,,,
,,,,,,,
,,,,,,,
,,,,,,,
,,,,,,,
,,,,,,,
,,,,,,,
,,,,,,,
,,,,,,,
,,,,,,,
,,,,,,,
,,,,,,,
,,,,,,,
,,,,,,,
,,,,,,,
,,,,,,,
,,,,,,,
,,,,,,,
,,,,,,,
,,,,,,,
,,,,,,,
,,,,,,,
,,,,,,,
,,,,,,,
,,,,,,,
,,,,,,,
,,,,,,,
,,,,,,,
,,,,,,,
,,,,,,,
,,,,,,,
,,,,,,,
,,,,,,,
,,,,,,,
,,,,,,,
,,,,,,,
,,,,,,,
,,,,,,,
,,,,,,,
,,,,,,,
,,,,,,,
,,,,,,,
,,,,,,,
,,,,,,,
,,,,,,,
,,,,,,,
,,,,,,,
,,,,,,,
,,,,,,,
,,,,,,,
,,,,,,,
,,,,,,,
,,,,,,,
,,,,,,,
,,,,,,,
,,,,,,,
,,,,,,,
,,,,,,,
,,,,,,,
,,,,,,,
,,,,,,,
,,,,,,,
,,,,,,,
,,,,,,,
,,,,,,,
,,,,,,,
,,,,,,,
,,,,,,,
,,,,,,,
,,,,,,,
,,,,,,,
,,,,,,,
,,,,,,,
,,,,,,,
,,,,,,,
,,,,,,,
,,,,,,,
,,,,,,,
,,,,,,,
,,,,,,,
,,,,,,,
,,,,,,,
,,,,,,,
,,,,,,,
,,,,,,,
,,,,,,,
,,,,,,,
,,,,,,,
,,,,,,,
,,,,,,,
,,,,,,,
,,,,,,,
,,,,,,,
,,,,,,,
,,,,,,,
,,,,,,,
,,,,,,,
,,,,,,,
,,,,,,,
,,,,,,,
,,,,,,,
,,,,,,,
,,,,,,,
,,,,,,,
,,,,,,,
,,,,,,,
,,,,,,,
,,,,,,,
,,,,,,,
,,,,,,,
,,,,,,,
,,,,,,,
,,,,,,,
,,,,,,,
,,,,,,,
,,,,,,,
,,,,,,,
,,,,,,,
,,,,,,,
,,,,,,,
,,,,,,,
,,,,,,,
,,,,,,,
,,,,,,,
,,,,,,,
,,,,,,,
,,,,,,,
,,,,,,,
,,,,,,,
,,,,,,,
,,,,,,,
,,,,,,,
,,,,,,,
,,,,,,,
,,,,,,,
,,,,,,,
,,,,,,,
,,,,,,,
,,,,,,,
,,,,,,,
,,,,,,,
,,,,,,,
,,,,,,,
,,,,,,,
,,,,,,,
,,,,,,,
,,,,,,,
,,,,,,,
,,,,,,,
,,,,,,,
,,,,,,,
,,,,,,,
,,,,,,,
,,,,,,,
,,,,,,,
,,,,,,,
,,,,,,,
,,,,,,,
,,,,,,,
,,,,,,,
,,,,,,,
,,,,,,,
,,,,,,,
,,,,,,,
,,,,,,,
,,,,,,,
,,,,,,,
,,,,,,,
,,,,,,,
,,,,,,,
,,,,,,,
,,,,,,,
,,,,,,,
,,,,,,,
,,,,,,,
,,,,,,,
,,,,,,,
,,,,,,,
,,,,,,,
,,,,,,,
,,,,,,,
,,,,,,,
,,,,,,,
,,,,,,,
,,,,,,,
,,,,,,,
,,,,,,,
,,,,,,,
,,,,,,,
,,,,,,,
,,,,,,,
,,,,,,,
,,,,,,,
,,,,,,,
,,,,,,,
,,,,,,,
,,,,,,,
,,,,,,,
,,,,,,,
,,,,,,,
,,,,,,,
,,,,,,,
,,,,,,,
,,,,,,,
,,,,,,,
,,,,,,,
,,,,,,,
,,,,,,,
,,,,,,,
,,,,,,,
,,,,,,,
,,,,,,,
,,,,,,,
,,,,,,,
,,,,,,,
,,,,,,,
,,,,,,,
,,,,,,,
,,,,,,,
,,,,,,,
,,,,,,,
,,,,,,,
,,,,,,,
,,,,,,,
,,,,,,,
,,,,,,,
,,,,,,,
,,,,,,,
,,,,,,,
,,,,,,,
,,,,,,,
,,,,,,,
,,,,,,,
,,,,,,,
,,,,,,,
,,,,,,,
,,,,,,,
,,,,,,,
,,,,,,,
,,,,,,,
,,,,,,,
,,,,,,,
,,,,,,,
,,,,,,,
,,,,,,,
,,,,,,,
,,,,,,,
,,,,,,,
,,,,,,,
,,,,,,,
,,,,,,,
,,,,,,,
,,,,,,,
,,,,,,,
,,,,,,,
,,,,,,,
,,,,,,,
,,,,,,,
,,,,,,,
,,,,,,,
,,,,,,,
,,,,,,,
,,,,,,,
,,,,,,,
,,,,,,,
,,,,,,,
,,,,,,,
,,,,,,,
,,,,,,,
,,,,,,,
,,,,,,,
,,,,,,,
,,,,,,,
,,,,,,,
,,,,,,,
,,,,,,,
,,,,,,,
,,,,,,,
,,,,,,,
,,,,,,,
,,,,,,,
,,,,,,,
,,,,,,,
,,,,,,,
,,,,,,,
,,,,,,,
,,,,,,,
,,,,,,,
,,,,,,,
,,,,,,,
,,,,,,,
,,,,,,,
,,,,,,,
,,,,,,,
,,,,,,,
,,,,,,,
,,,,,,,
,,,,,,,
,,,,,,,
,,,,,,,
,,,,,,,
,,,,,,,
,,,,,,,
,,,,,,,
,,,,,,,
,,,,,,,
,,,,,,,
,,,,,,,
,,,,,,,
,,,,,,,
,,,,,,,
,,,,,,,
,,,,,,,
,,,,,,,
,,,,,,,
,,,,,,,
,,,,,,,
,,,,,,,
,,,,,,,
,,,,,,,
,,,,,,,
,,,,,,,
,,,,,,,
,,,,,,,
,,,,,,,
,,,,,,,
,,,,,,,
,,,,,,,
,,,,,,,
,,,,,,,
,,,,,,,
,,,,,,,
,,,,,,,
,,,,,,,
,,,,,,,
,,,,,,,
,,,,,,,
,,,,,,,
,,,,,,,
,,,,,,,
,,,,,,,
,,,,,,,
,,,,,,,
,,,,,,,
,,,,,,,
,,,,,,,
,,,,,,,
,,,,,,,
,,,,,,,
,,,,,,,
,,,,,,,
,,,,,,,
,,,,,,,
,,,,,,,
,,,,,,,
,,,,,,,
,,,,,,,
,,,,,,,
,,,,,,,
,,,,,,,
,,,,,,,
,,,,,,,
,,,,,,,
,,,,,,,
,,,,,,,
,,,,,,,
,,,,,,,
,,,,,,,
,,,,,,,
,,,,,,,
,,,,,,,
,,,,,,,
,,,,,,,
,,,,,,,
,,,,,,,
,,,,,,,
,,,,,,,
,,,,,,,
,,,,,,,
,,,,,,,
,,,,,,,
,,,,,,,
,,,,,,,
,,,,,,,
,,,,,,,
,,,,,,,
,,,,,,,
,,,,,,,
,,,,,,,
,,,,,,,
,,,,,,,
,,,,,,,
,,,,,,,
,,,,,,,
,,,,,,,
,,,,,,,
,,,,,,,
,,,,,,,
,,,,,,,
,,,,,,,
,,,,,,,
,,,,,,,
,,,,,,,
,,,,,,,
,,,,,,,
,,,,,,,
,,,,,,,
,,,,,,,
,,,,,,,
,,,,,,,
,,,,,,,
,,,,,,,
,,,,,,,
,,,,,,,
,,,,,,,
,,,,,,,
,,,,,,,
,,,,,,,
,,,,,,,
,,,,,,,
,,,,,,,
,,,,,,,
,,,,,,,
,,,,,,,
,,,,,,,
,,,,,,,
,,,,,,,
,,,,,,,
,,,,,,,
,,,,,,,
,,,,,,,
,,,,,,,
,,,,,,,
,,,,,,,
,,,,,,,
,,,,,,,
,,,,,,,
,,,,,,,
,,,,,,,
,,,,,,,
,,,,,,,
,,,,,,,
,,,,,,,
,,,,,,,
,,,,,,,
,,,,,,,
,,,,,,,
,,,,,,,
,,,,,,,
,,,,,,,
,,,,,,,
,,,,,,,
,,,,,,,
,,,,,,,
,,,,,,,
,,,,,,,
,,,,,,,
,,,,,,,
,,,,,,,
,,,,,,,
,,,,,,,
,,,,,,,
,,,,,,,
,,,,,,,
,,,,,,,
,,,,,,,
,,,,,,,
,,,,,,,
,,,,,,,
,,,,,,,
,,,,,,,
,,,,,,,
,,,,,,,
,,,,,,,
,,,,,,,
,,,,,,,
,,,,,,,
,,,,,,,
,,,,,,,
,,,,,,,
,,,,,,,
,,,,,,,
,,,,,,,
,,,,,,,
,,,,,,,
,,,,,,,
,,,,,,,
,,,,,,,
,,,,,,,
,,,,,,,
,,,,,,,
,,,,,,,
,,,,,,,
,,,,,,,
,,,,,,,
,,,,,,,
,,,,,,,
,,,,,,,
,,,,,,,
,,,,,,,
,,,,,,,
,,,,,,,
,,,,,,,
,,,,,,,
,,,,,,,
,,,,,,,
,,,,,,,
,,,,,,,
,,,,,,,
,,,,,,,
,,,,,,,
,,,,,,,
,,,,,,,
,,,,,,,
,,,,,,,
,,,,,,,
,,,,,,,
,,,,,,,
,,,,,,,
,,,,,,,
,,,,,,,
,,,,,,,
,,,,,,,
,,,,,,,
,,,,,,,
,,,,,,,
,,,,,,,
,,,,,,,
,,,,,,,
,,,,,,,
,,,,,,,
,,,,,,,
,,,,,,,
,,,,,,,
,,,,,,,
,,,,,,,
,,,,,,,
,,,,,,,
,,,,,,,
,,,,,,,
,,,,,,,
,,,,,,,
,,,,,,,
,,,,,,,
,,,,,,,
,,,,,,,
,,,,,,,
,,,,,,,
,,,,,,,
,,,,,,,
,,,,,,,
,,,,,,,
,,,,,,,
,,,,,,,
,,,,,,,
,,,,,,,
,,,,,,,
,,,,,,,
,,,,,,,
,,,,,,,
,,,,,,,
,,,,,,,
,,,,,,,
,,,,,,,
,,,,,,,
,,,,,,,
,,,,,,,
,,,,,,,
,,,,,,,
,,,,,,,
,,,,,,,
,,,,,,,
,,,,,,,
,,,,,,,
,,,,,,,
,,,,,,,
,,,,,,,
,,,,,,,
,,,,,,,
,,,,,,,
,,,,,,,
,,,,,,,
,,,,,,,
,,,,,,,
,,,,,,,
,,,,,,,
,,,,,,,
,,,,,,,
,,,,,,,
,,,,,,,
,,,,,,,
,,,,,,,
,,,,,,,
,,,,,,,
,,,,,,,
,,,,,,,
,,,,,,,
,,,,,,,
,,,,,,,
,,,,,,,
,,,,,,,
,,,,,,,
,,,,,,,
,,,,,,,
,,,,,,,
,,,,,,,
,,,,,,,
,,,,,,,
,,,,,,,
,,,,,,,
,,,,,,,
,,,,,,,
,,,,,,,
,,,,,,,
,,,,,,,
,,,,,,,
,,,,,,,
,,,,,,,
,,,,,,,
,,,,,,,
,,,,,,,
,,,,,,,
,,,,,,,
,,,,,,,
,,,,,,,
,,,,,,,
,,,,,,,
,,,,,,,
,,,,,,,
,,,,,,,
,,,,,,,
,,,,,,,
,,,,,,,
,,,,,,,
,,,,,,,
,,,,,,,
,,,,,,,
,,,,,,,
,,,,,,,
,,,,,,,
,,,,,,,
,,,,,,,
,,,,,,,
,,,,,,,
,,,,,,,
,,,,,,,
,,,,,,,
,,,,,,,
,,,,,,,
,,,,,,,
,,,,,,,
,,,,,,,
,,,,,,,
,,,,,,,
,,,,,,,
,,,,,,,
,,,,,,,
,,,,,,,
,,,,,,,
,,,,,,,
,,,,,,,
,,,,,,,
,,,,,,,
,,,,,,,
,,,,,,,
,,,,,,,
,,,,,,,
,,,,,,,
,,,,,,,
,,,,,,,
,,,,,,,
,,,,,,,
,,,,,,,
,,,,,,,
,,,,,,,
,,,,,,,
,,,,,,,
,,,,,,,
,,,,,,,
,,,,,,,
,,,,,,,
,,,,,,,
,,,,,,,
,,,,,,,
,,,,,,,
,,,,,,,
,,,,,,,
,,,,,,,
,,,,,,,
,,,,,,,
,,,,,,,
,,,,,,,
,,,,,,,
,,,,,,,
,,,,,,,
,,,,,,,
,,,,,,,
,,,,,,,
,,,,,,,
,,,,,,,
,,,,,,,
,,,,,,,
,,,,,,,
,,,,,,,
,,,,,,,
,,,,,,,
,,,,,,,
,,,,,,,
,,,,,,,
,,,,,,,
,,,,,,,
,,,,,,,
,,,,,,,
,,,,,,,
,,,,,,,
,,,,,,,
,,,,,,,
,,,,,,,
,,,,,,,
,,,,,,,
,,,,,,,
,,,,,,,
,,,,,,,
,,,,,,,
,,,,,,,
,,,,,,,
,,,,,,,
,,,,,,,
,,,,,,,
,,,,,,,
,,,,,,,
,,,,,,,
,,,,,,,
,,,,,,,
,,,,,,,
,,,,,,,
,,,,,,,
,,,,,,,
,,,,,,,
,,,,,,,
,,,,,,,
,,,,,,,
,,,,,,,
,,,,,,,
,,,,,,,
,,,,,,,
,,,,,,,
,,,,,,,
,,,,,,,
,,,,,,,
,,,,,,,
,,,,,,,
,,,,,,,
,,,,,,,
,,,,,,,
,,,,,,,
,,,,,,,
,,,,,,,
,,,,,,,
,,,,,,,
,,,,,,,
,,,,,,,
,,,,,,,
,,,,,,,
,,,,,,,
,,,,,,,
,,,,,,,
,,,,,,,
,,,,,,,
,,,,,,,
,,,,,,,
,,,,,,,
,,,,,,,
,,,,,,,
,,,,,,,
,,,,,,,
,,,,,,,
,,,,,,,
,,,,,,,
,,,,,,,
,,,,,,,
,,,,,,,
,,,,,,,
,,,,,,,
,,,,,,,
,,,,,,,
,,,,,,,
,,,,,,,
,,,,,,,
,,,,,,,
,,,,,,,
,,,,,,,
,,,,,,,
,,,,,,,
